jobsat_1,jobsat_2,jobsat_3,jobsat_4,jobsat_5,jobaut_3,jobaut_4,jobaut_5,selfeff_1,selfeff_2,selfeff_3,fw_1,fw_2,fw_3,fw_4,fw_5,fw_6,fw_7,fw_8,fw_9,fw_10,fw_11,fw_12,fw_13,fw_14,fw_15,fw_16,fw_17,fw_18,fw_19,fw_20,fw_21,fw_22,selfcon_1,selfcon_2,selfcon_3,selfcon_4,selfcon_5,selfcon_6,selfcon_7,selfcon_8,selfcon_9,selfcon_10,selfcon_11,selfcon_12,selfcon_13,laytheory_1,laytheory_2,laytheory_3,laytheory_4,laytheory_5,laytheory_6,laytheory_7,laytheory_8,selfest_1,selfest_2,selfest_3,selfest_4,selfest_5,selfest_6,selfest_7,selfest_8,selfest_9,selfest_10,lc1,lc2,lc3,lc4,lc5,lc6,lc7,lc8,lc9,lc10,lc11,lc12,lc13,jobsat2_1,jobsat2_2,jobsat2_3,jobsat2_4,jobsat2_5,jobaut2_3,jobaut2_4,jobaut2_5,age,gender,fw_16r,fw_17r,fw_21r,fw_22r,FWDfw,FWDagency,FWDmoral,FWDpower,FWDresp,FWDlimit,FWDall,FWDfwagency,FWself,FWgeneral,jobsat_3r,jobsat_5r,jobsat1,jobsat2_3r,jobsat2_5r,jobsat2,jobaut,jobaut2,lay_1,lay_2,lay_3,lay_4,lay_5r,lay_6r,lay_7r,lay_8r,ess_kind,selfest_3r,selfest_5r,selfest_8r,selfest_9r,selfest_10r,selfest,selfeff,selfcon_2r,selfcon_3r,selfcon_4r,selfcon_5r,selfcon_7r,selfcon_9r,selfcon_10r,selfcon_12r,selfcon_13r,selfcontrol,lc2r,lc6r,lc7r,lc8r,lc9r,locus,filter_$
4,5,2,4,2,5,1,5,6,6,6,3,3,4,4,4,6,3,5,5,6,5,6,5,6,4,1,4,5,5,6,1,4,4,3,1,3,3,3,2,3,2,1,4,1,1,22,23,22,22,23,23,23,23,5,6,3,5,2,6,5,3,2,3,2,1,2,2,1,2,2,2,1,1,2,2,1,5,4,6,5,4,4,4,5,42,1,6,3,6,3,3.6,4.75,5.33333333333333,4.66666666666667,5.5,4.5,4.75,4.11111111111111,4.625,4.71428571428571,6,6,5,2,4,4,3.66666666666667,4.33333333333333,3,4,3,3,3,3,3,3,3.125,5,6,5,6,5,5.4,6,3,5,3,3,4,4,5,5,5,3.92307692307692,2,1,1,1,2,6,1
4,5,5,5,5,4,6,5,5,5,5,5,5,4,4,4,5,5,4,5,5,5,5,5,5,5,2,3,5,4,5,3,3,3,4,3,5,4,3,5,3,2,4,4,3,3,23,23,23,24,22,22,22,23,5,5,5,5,4,4,4,6,5,5,2,1,2,2,1,1,1,2,1,1,1,2,2,5,5,6,5,5,6,5,5,43,1,5,4,4,4,4.4,4.75,5,4.66666666666667,4.5,4,4.625,4.55555555555556,4.5,4.71428571428571,3,3,4,2,3,4,5,5.33333333333333,4,4,4,5,4,4,4,3,4,3,4,2,3,3,3.8,5,2,3,1,2,1,4,2,3,3,2.61538461538462,2,2,2,1,2,4,1
6,7,2,7,1,6,7,6,7,7,6,6,6,5,6,6,5,5,4,6,4,6,6,6,5,4,1,2,5,6,6,1,2,4,4,5,4,2,2,5,1,4,4,2,2,3,23,22,22,23,23,24,22,23,6,7,2,3,3,6,5,3,5,2,2,1,1,2,2,2,1,2,1,2,2,1,2,6,7,2,7,1,7,7,7,34,2,6,5,6,5,5.8,5,5.16666666666667,5.33333333333333,6,5.5,5.45833333333333,5.44444444444444,5.125,5.57142857142857,6,7,6.6,6,7,6.6,6.33333333333333,7,4,3,3,4,3,2,4,3,3.25,6,5,5,3,6,5.2,6.66666666666667,2,1,2,4,1,2,2,4,3,2.30769230769231,2,1,2,1,2,4,1
5,7,5,6,3,3,7,5,3,6,3,5,4,3,1,4,2,4,4,6,3,3,2,5,3,3,3,5,2,3,5,4,2,3,2,1,2,4,2,2,2,3,3,4,1,5,23,25,22,21,23,23,25,24,3,7,3,6,6,2,4,6,4,4,1,2,1,1,2,1,1,2,2,2,1,2,2,3,3,6,6,5,4,6,3,26,1,4,2,3,5,3.4,4,3.16666666666667,2.66666666666667,4,4,3.5,3.66666666666667,3.625,3.35714285714286,3,5,5.2,2,3,3.4,5,4.33333333333333,4,6,3,2,3,3,1,2,3,5,2,2,4,4,3.9,4,4,5,4,2,4,3,3,5,1,3.23076923076923,1,2,2,1,1,7,1
6,6,2,6,2,6,5,6,7,7,7,6,6,6,6,6,6,6,6,6,6,6,6,6,6,6,1,1,6,6,6,2,2,3,1,1,1,2,3,3,3,1,1,5,1,1,24,24,24,23,23,21,23,20,6,6,2,6,6,6,6,2,2,2,2,2,2,1,2,1,2,1,1,2,1,1,1, , , , , , , , ,25,2,6,6,5,5,6,6,6,6,6,5,5.91666666666667,6,5.75,6,6,6,6, , , ,5.66666666666667, ,5,5,5,4,3,5,3,6,4.5,6,2,6,6,6,5.6,7,5,5,5,4,3,5,5,5,5,4.30769230769231,1,2,1,2,2,6,0
7,7,2,5,1,5,7,7,6,6,7,6,6,6,5,3,5,6,5,5,6,6,5,5,5,4,4,1,6,5,5,1,4,3,3,1,3,4,3,2,2,2,3,2,4,4,23,21,24,22,22,22,21,24,7,6,1,6,1,7,7,1,2,1,2,1,1,2,2,1,2,1,2,2,2,2,2,2,4,3,5,6,5,4,4,31,1,3,6,6,3,5.2,5.25,5.16666666666667,5,5,4.5,5.08333333333333,5.22222222222222,5.25,5,6,7,6.4,5,2,3.6,6.33333333333333,4.33333333333333,4,2,5,3,4,4,5,2,3.625,7,7,7,6,7,6.7,6.33333333333333,3,5,3,2,4,4,3,2,2,2.92307692307692,2,2,1,2,1,3,1
6,6,2,6,1,6,6,6,6,6,6,6,6,5,5,3,5,5,5,5,5,5,5,5,5,5,4,5,6,5,5,4,4,2,4,3,2,3,1,4,1,3,2,4,4,3,24,24,24,24,21,22,24,21,6,6,2,6,2,6,6,3,5,3,2,2,1,2,2,1,1,1,1,2,1,2,1,4,6,2,6,1,6,6,6,36,2,3,2,3,3,5,5,5,3.66666666666667,5,3,4.66666666666667,5,4.625,4.64285714285714,6,7,6.2,6,7,5.8,6,6,5,5,5,5,5,4,2,5,4.5,6,6,5,3,5,5.5,6,2,3,4,3,2,3,4,2,3,2.61538461538462,1,2,2,2,2,4,1
7,6,2,7,1,6,6,6,7,6,6,5,5,5,3,4,5,5,6,5,5,6,5,4,5,5,1,2,6,4,5,1,1,4,2,3,3,4,4,3,4,4,5,5,2,2,23,23,23,23,22,22,22,22,7,6,1,6,1,7,7,2,2,2,2,1,2,2,1,2,1,1,1,1,1,2,1, , , , , , , , ,32,1,6,5,6,6,4.4,5.25,5,5.66666666666667,4.5,6,5,4.77777777777778,5.5,4.78571428571429,6,7,6.6, , , ,6, ,4,4,4,4,4,4,4,4,4,7,7,6,6,6,6.5,6.33333333333333,4,3,3,2,3,2,1,4,4,3.30769230769231,2,1,2,2,2,5,0
6,7,2,5,1,7,7,7,7,6,5,6,6,6,6,5,5,5,6,6,6,6,5,6,6,5,1,3,6,6,6,3,2,2,5,4,1,1,4,5,2,5,3,4,1,1,25,24,23,22,21,21,22,22,7,7,3,6,2,5,7,4,5,5,2,2,2,2,1,1,1,2,1,1,2,2,2,2,5,5,5,3,6,7,6,20,2,6,4,4,5,5.8,5.5,5.66666666666667,5.33333333333333,6,4.5,5.58333333333333,5.66666666666667,5.375,5.64285714285714,6,7,6.2,3,5,4,7,6.33333333333333,6,5,4,3,5,5,4,4,4.5,5,6,4,3,3,5.3,6,1,2,5,5,1,1,3,5,5,3.07692307692308,1,2,2,1,2,4,1
5,5,2,5,2,5,6,5,6,6,6,6,4,6,6,6,6,6,6,6,6,6,5,6,6,6,1,1,6,6,6,1,1,4,4,3,1,3,3,4,3,3,1,3,2,3,21,22,22,22,23,23,23,23,7,6,1,6,2,5,7,4,1,2,2,2,2,1,1,2,1,1,2,1,2,1,1,7,5,2,6,2,6,7,6,42,2,6,6,6,6,5.6,6,5.83333333333333,6,6,6,5.875,5.77777777777778,6,5.78571428571429,6,6,5.4,6,6,6,5.33333333333333,6.33333333333333,2,3,3,3,3,3,3,3,2.875,7,6,4,7,6,6.1,6,2,3,5,3,2,3,5,4,3,3.30769230769231,1,1,2,2,1,8,1
5,6,5,3,3,5,6,5,6,6,5,6,6,6,6,6,6,6,6,6,5,6,6,6,5,6,1,1,6,5,6,1,1,4,2,1,1,4,4,2,4,2,2,5,1,1,23,23,23,20,23,23,23,23,7,7,1,7,1,7,6,1,1,1,2,2,1,2,1,2,1,2,1,1,1,2,1,3,5,3,3,3,6,6,6,28,1,6,6,6,6,6,6,5.66666666666667,6,5.5,6,5.83333333333333,6,6,5.78571428571429,3,5,4.4,5,5,4.2,5.33333333333333,6,4,4,4,1,3,3,3,3,3.125,7,7,7,7,7,6.9,5.66666666666667,4,5,5,2,4,4,4,5,5,4.23076923076923,1,1,2,1,2,8,1
7,6,3,6,2,5,6,7,7,6,4,6,5,5,6,5,6,5,6,6,4,6,4,4,5,5,3,5,6,2,5,3,3,3,3,2,3,3,3,4,2,1,1,4,2,2,22,24,23,23,23,22,23,23,7,7,3,6,5,4,4,7,5,5,2,2,2,2,2,2,1,1,2,1,1,2,2, , , , , , , , ,25,2,4,2,4,4,5.4,5.75,4.66666666666667,4,3.5,4,4.66666666666667,5.55555555555556,5.25,4.5,5,6,6, , , ,6, ,3,5,4,4,3,4,3,3,3.625,5,3,1,3,3,4.3,5.66666666666667,3,4,3,3,2,5,5,4,4,3.46153846153846,1,1,2,2,1,5,0
6,3,6,3,6,6,6,5,6,6,6,5,5,5,5,4,5,5,5,5,1,5,5,5,5,5,1,1,5,5,5,1,1,4,1,1,4,1,4,3,4,1,1,4,1,2,21,24,21,21,24,24,24,24,4,4,4,4,4,4,4,5,4,4,2,2,1,2,1,1,1,2,2,1,2,2,2,4,4,5,4,4,6,6,4,37,2,6,6,6,6,4.8,5,4.33333333333333,5.66666666666667,5,6,4.95833333333333,4.88888888888889,5.25,4.78571428571429,2,2,3.2,3,4,3.8,5.66666666666667,5.33333333333333,2,5,2,2,2,2,2,2,2.375,4,4,3,4,4,3.9,6,5,5,2,5,3,5,5,5,4,4.23076923076923,1,2,2,1,1,6,1
5,6,6,4,5,6,5,4,6,5,6,4,4,3,5,4,5,4,4,5,4,4,4,5,4,5,5,3,6,4,3,5,5,2,3,3,3,2,3,3,2,2,4,3,3,2,24,23,24,23,22,23,22,21,3,4,4,5,5,3,5,3,4,5,2,2,2,2,2,1,2,2,2,2,2,2,1,5,5,4,4,5,4,5,4,33,2,2,4,2,2,4,4.5,4.33333333333333,4,3.5,2,3.91666666666667,4.22222222222222,3.875,4,2,3,4,4,3,4.2,5,4.33333333333333,5,4,5,4,4,3,4,5,4.25,4,3,5,4,3,3.9,5.66666666666667,3,3,3,4,3,4,2,3,4,3,1,2,1,1,1,5,1
6,6,2,6,2,4,4,4,7,7,7,5,5,4,4,4,5,5,4,5,5,5,5,5,5,5,2,3,5,5,5,2,3,3,4,2,2,3,3,5,3,4,3,4,4,2,20,20,20,20,25,25,25,25,5,6,4,6,4,3,3,6,5,5,2,2,2,1,1,2,1,2,1,1,2,2,1,6,6,2,6,2,7,7,7,30,1,5,4,5,4,4.4,4.75,5,4.66666666666667,5,4.5,4.75,4.55555555555556,4.625,4.78571428571429,6,6,6,6,6,6,4,7,1,1,1,1,1,1,1,1,1,4,4,2,3,3,3.9,7,2,4,4,3,1,2,3,2,4,2.92307692307692,1,1,2,1,2,7,1
4,5,2,5,2,4,4,5,7,7,7,6,6,5,6,1,6,6,6,6,4,5,4,5,6,6,1,4,5,4,6,1,5,3,4,2,2,4,3,5,3,2,4,4,1,2,22,23,23,23,23,22,22,22,4,4,4,4,4,4,4,5,4,4,2,2,2,1,1,2,1,2,1,1,1,2,2, , , , , , , , ,34,2,6,3,6,2,4.8,6,5,4.66666666666667,5,4,5,5.33333333333333,5.25,4.85714285714286,6,6,5.2, , , ,4.33333333333333, ,3,4,4,4,3,4,4,4,3.75,4,4,3,4,4,3.9,7,2,4,4,2,1,4,2,5,4,3.15384615384615,1,1,2,1,2,7,0
6,6,2,5,2,7,7,7,6,6,6,3,6,5,5,4,5,5,6,6,4,6,4,6,6,5,1,1,6,4,6,1,1,2,4,4,4,4,3,5,2,5,2,3,3,3,20,21,21,20,24,24,24,24,4,5,5,6,6,4,3,5,6,3,2,1,2,2,1,1,1,2,2,1,1,2,1,6,5,2,5,2,5,6,7,28,2,6,6,6,6,4.6,5.5,5.16666666666667,6,5,6,5.25,5,5.625,5.07142857142857,6,6,5.8,6,6,5.6,7,6,1,2,2,1,2,2,2,2,1.75,3,2,3,2,5,3.7,6,2,2,2,2,1,1,4,3,3,2.30769230769231,2,2,2,1,1,6,1
6,6,3,6,6,6,7,6,6,6,7,5,5,5,5,5,6,5,5,5,5,5,5,4,5,6,5,5,5,5,5,4,5,2,4,3,2,4,5,2,3,4,4,4,4,3,25,22,24,20,25,24,24,25,5,6,2,6,3,6,5,6,3,2,2,1,2,2,2,1,1,2,1,1,1,2,1, , , , , , , , ,29,2,2,2,3,2,5,5.25,5,3,5,2.5,4.58333333333333,5.11111111111111,4.5,4.57142857142857,5,2,5, , , ,6.33333333333333, ,6,3,5,1,1,2,2,1,2.625,6,5,2,5,6,5.2,6.33333333333333,2,3,4,2,4,2,2,2,3,2.92307692307692,2,2,2,1,2,4,0
6,6,2,5,3,6,6,6,3,3,4,6,6,6,6,6,6,6,6,6,5,5,5,5,5,6,1,1,6,5,5,1,1,4,3,2,2,2,4,2,4,2,3,5,1,1,21,21,21,21,23,23,23,24,6,6,1,5,3,5,6,5,2,1,2,2,2,2,1,2,2,2,2,1,1,2,1,5,6,2,5,3,7,7,7,31,2,6,6,6,6,6,6,5.16666666666667,6,5,6,5.625,6,6,5.5,6,5,5.6,6,5,5.4,6,7,2,2,2,2,3,3,3,2,2.375,7,5,3,6,7,5.6,3.33333333333333,3,4,4,4,4,4,3,5,5,4.07692307692308,1,1,1,1,1,9,1
6,6,3,6,2,6,6,6,7,6,7,4,5,5,6,5,6,5,5,5,5,6,6,6,5,6,1,1,5,6,6,1,1,3,2,1,2,2,3,2,4,2,3,4,2,2,21,21,21,21,24,25,24,24,6,6,2,6,2,6,6,7,5,5,1,2,2,1,1,2,1,2,1,1,1,2,1, , , , , , , , ,29,2,6,6,6,6,5,5.25,5.66666666666667,5.66666666666667,6,6,5.54166666666667,5.11111111111111,5.375,5.57142857142857,5,6,5.8, , , ,6, ,2,2,2,2,2,1,2,2,1.875,6,6,1,3,3,4.9,6.66666666666667,4,5,4,4,4,4,3,4,4,3.84615384615385,1,1,2,1,2,9,0
7,7,7,7,7,7,7,7,7,7,7,6,6,6,6,6,6,6,6,6,6,6,6,6,6,6,6,6,6,6,6,6,6,5,5,5,5,5,5,5,5,5,5,5,5,5,25,25,25,25,25,25,25,25,7,7,7,7,7,7,7,7,7,7,2,2,2,1,1,2,1,2,2,1,2,2,2,7,7,7,7,7,7,7,6,24,1,1,1,1,1,6,6,6,2.66666666666667,6,1,5.16666666666667,6,4.75,5.28571428571429,1,1,4.6,1,1,4.6,7,6.66666666666667,6,6,6,6,1,1,1,1,3.5,1,1,1,1,1,4,7,1,1,1,1,1,1,1,1,1,2.23076923076923,1,1,2,1,1,7,1
5,6,6,5,5,4,4,4,6,6,6,5,4,5,5,5,5,3,5,6,4,4,4,5,5,5,4,4,4,5,5,4,5,4,4,3,3,3,3,4,3,3,3,3,3,3,23,24,23,22,23,23,22,24,6,4,5,4,5,6,5,4,5,4,2,2,1,1,2,1,1,1,2,2,2,2,1,3,4,4,4,3,4,5,4,35,2,3,3,3,2,4.8,4.75,4.5,3.33333333333333,5,2.5,4.375,4.77777777777778,4.125,4.42857142857143,2,3,4.2,4,5,4,4,4.33333333333333,4,5,4,3,3,3,4,2,3.5,3,3,4,3,4,4.2,6,2,3,3,3,2,3,3,3,3,2.92307692307692,1,2,2,2,1,5,1
4,4,5,3,5,6,6,4,4,4,4,5,5,5,5,5,5,5,5,6,5,5,5,5,5,5,3,3,5,5,5,3,3,3,3,3,3,2,2,2,2,3,2,3,2,2,23,24,23,23,22,23,23,22,4,5,5,4,5,4,4,5,5,6,2,2,1,1,1,2,1,2,2,1,1,1,1,3,4,4,3,5,3,4,3,51,1,4,4,4,4,5,5.25,5,4.33333333333333,5,4,4.875,5.11111111111111,4.875,4.85714285714286,3,3,3.4,4,3,3.4,5.33333333333333,3.33333333333333,4,5,4,4,4,3,3,4,3.875,3,3,3,3,2,3.5,4,3,3,3,4,4,3,4,4,4,3.23076923076923,1,1,2,1,1,11,1
4,7,6,4,7,7,7,7,7,7,7,6,6,6,6,6,6,6,6,6,6,6,6,5,6,6,6,6,5,6,5,6,6,5,5,5,5,3,5,5,5,5,5,5,5,5,24,25,25,24,25,23,25,25,7,7,6,6,5,5,7,5,6,7,2,2,1,1,2,1,2,1,1,1,2,2,1, , , , , , , , ,27,1,1,1,1,1,6,6,5.83333333333333,2.33333333333333,5.5,1,5,6,4.625,5.14285714285714,2,1,3.6, , , ,7, ,5,6,6,5,1,3,1,1,3.5,2,3,3,2,1,4.3,7,1,1,1,3,1,1,1,1,1,2.38461538461538,1,2,1,2,2,6,0
6,6,5,6,3,5,6,6,6,6,5,5,5,4,3,3,5,6,5,4,6,5,6,5,4,4,4,4,6,4,5,5,3,4,4,2,3,1,5,4,4,2,3,4,1,2,23,23,24,23,21,22,22,22,5,6,2,3,2,6,5,2,4,4,2,2,2,2,2,1,1,1,1,2,2,2,1,6,6,4,6,4,6,3,7,43,2,3,3,2,4,4,5,5,4,4.5,3,4.41666666666667,4.44444444444444,4.5,4.35714285714286,3,5,5.2,4,4,5.2,5.66666666666667,5.33333333333333,4,4,5,4,5,4,4,4,4.25,6,6,6,4,4,5.1,5.66666666666667,2,4,3,5,2,4,3,5,4,3.76923076923077,1,2,2,2,2,2,1
4,6,2,6,2,4,4,7,7,7,7,5,6,5,5,6,6,6,5,6,5,6,5,5,6,6,1,2,6,5,6,1,2,4,4,3,3,3,3,3,3,3,2,5,4,2,23,23,23,23,23,23,23,22,6,6,2,6,2,5,6,5,4,4,2,2,2,1,1,1,1,2,2,1,2,1,1,5,6,2,6,1,7,7,7,35,1,6,5,6,5,5.4,5.75,5.5,5.66666666666667,5.5,5.5,5.54166666666667,5.55555555555556,5.625,5.5,6,6,5.6,6,7,6,5,7,4,4,4,4,3,3,3,4,3.625,6,6,3,4,4,5.2,7,2,3,3,3,3,3,4,2,4,3.23076923076923,1,2,2,1,1,8,1
6,6,2,6,2,5,4,6,6,6,6,5,5,5,5,5,5,5,5,5,5,5,5,5,5,5,5,5,5,5,5,5,5,3,2,2,2,2,5,3,4,2,2,4,3,2,22,24,24,22,23,24,24,24,6,6,2,6,2,6,6,5,2,2,1,2,1,2,2,1,1,1,1,2,1,2,1, , , , , , , , ,28,2,2,2,2,2,5,5,5,3,5,2,4.5,5,4.25,4.57142857142857,6,6,6, , , ,5, ,3,5,5,3,3,2,2,2,3.125,6,6,3,6,6,5.7,6,4,4,4,4,3,4,4,3,4,3.84615384615385,1,2,2,2,2,5,0
6,3,3,4,3,1,3,1,7,7,7,5,3,5,5,3,2,2,5,3,3,2,4,3,2,3,3,4,3,3,5,3,2,5,1,1,3,5,5,3,3,3,2,1,4,2,21,21,23,21,22,21,24,23,3,2,5,3,5,3,3,2,3,7,1,1,1,2,2,2,1,2,1,1,1,1,1,6,6,3,4,1,7,6,6,27,2,4,3,4,5,4.2,3,2.83333333333333,3.33333333333333,4,4.5,3.54166666666667,3.66666666666667,3.625,3.42857142857143,5,5,4.6,5,7,5.6,1.66666666666667,6.33333333333333,2,2,4,2,4,5,2,3,3,3,3,6,5,1,3.2,7,5,5,3,1,3,3,4,2,4,3.38461538461538,2,1,2,1,2,8,1
6,5,2,4,4,5,6,5,6,6,5,5,5,5,5,5,5,5,5,5,5,5,5,6,5,5,3,4,5,5,5,3,3,3,4,2,3,4,1,2,2,3,2,4,5,3,22,22,22,21,23,23,23,23,5,5,5,5,3,3,3,5,2,6,2,2,1,2,2,2,1,2,1,1,2,2,1, , , , , , , , ,28,2,4,3,4,4,5,5,5.16666666666667,4,5,4,4.83333333333333,5,4.75,4.85714285714286,6,4,5, , , ,5.33333333333333, ,3,3,3,2,3,3,3,3,2.875,3,5,3,6,2,4,5.66666666666667,2,4,3,2,4,3,4,1,3,2.76923076923077,1,1,2,1,2,6,0
6,6,3,6,1,7,7,7,7,7,7,6,6,5,6,6,6,6,6,6,5,6,5,5,6,6,3,4,6,5,6,3,2,4,2,2,1,2,4,4,4,2,2,5,1,2,21,24,21,21,25,25,24,25,6,6,2,6,2,6,6,3,3,2,2,2,2,2,2,1,1,2,1,1,2,2,2, , , , , , , , ,55,2,4,3,4,5,5.8,6,5.5,4.33333333333333,5.5,4.5,5.41666666666667,5.88888888888889,5.5,5.35714285714286,5,7,6, , , ,7, ,2,5,2,2,1,1,2,1,2,6,6,5,5,6,5.8,7,4,4,5,4,2,4,4,5,4,4.07692307692308,1,2,2,1,2,3,0
6,7,5,7,1,6,7,7,6,6,6,5,5,5,5,2,6,5,5,5,2,6,6,5,5,6,4,4,5,4,6,5,3,4,3,2,2,1,2,4,4,2,2,5,3,3,21,21,21,21,21,24,24,24,5,6,1,6,2,6,6,4,2,1,2,2,2,1,2,2,1,2,1,1,1,1,1, , , , , , , , ,36,1,3,3,2,4,4.4,5.25,5,3.66666666666667,5,3,4.58333333333333,4.77777777777778,4.625,4.5,3,7,6, , , ,6.66666666666667, ,2,2,2,2,5,2,2,2,2.375,7,6,4,6,7,5.9,6,3,4,4,5,2,4,4,3,3,3.61538461538462,1,1,2,1,2,8,0
4,6,4,6,3,6,6,6,7,7,6,5,5,4,5,5,6,5,4,5,2,4,5,6,6,5,4,4,4,2,6,4,5,4,4,5,3,4,3,5,5,4,5,4,2,4,24,23,24,23,24,23,24,24,5,6,7,5,6,7,6,7,6,7,2,1,2,2,1,1,1,1,1,1,2,2,2,4,5,3,5,4,5,6,6,47,2,3,3,3,2,4.8,5,4.66666666666667,3.33333333333333,4,2.5,4.29166666666667,4.88888888888889,4.125,4.42857142857143,4,5,5,5,4,4.6,6,5.66666666666667,5,4,5,4,2,3,2,2,3.375,1,2,1,2,1,3.6,6.66666666666667,2,1,3,2,1,2,1,4,2,2.61538461538462,2,2,2,2,2,2,1
7,7,2,7,1,7,7,7,7,7,7,5,6,5,5,6,5,6,5,6,6,5,6,6,5,5,5,5,6,5,6,5,4,5,1,1,1,1,5,5,5,1,1,5,1,1,22,22,22,22,24,24,24,24,7,7,1,7,1,7,5,7,1,1,2,2,2,2,2,2,1,1,2,2,1,2,1,7,7,1,7,1,7,7,7,63,2,2,2,2,3,5.4,5.5,5.5,3.33333333333333,5.5,2.5,4.95833333333333,5.44444444444444,4.75,5,6,7,6.8,7,7,7,7,7,3,3,3,3,2,2,2,2,2.5,7,7,1,7,7,6.2,7,5,5,5,5,1,5,5,5,5,4.69230769230769,1,1,2,2,1,5,1
5,5,4,5,3,6,7,7,6,6,5,5,6,5,4,5,5,5,5,6,5,5,5,5,5,5,5,6,5,5,6,1,5,3,5,2,4,4,3,4,3,3,1,4,3,2,23,23,23,23,23,24,23,24,7,7,1,7,1,7,7,4,1,1,2,2,2,2,1,2,1,1,1,1,1,1,2,6,6,4,6,1,7,5,7,45,1,2,1,6,2,5,5.25,5,2.66666666666667,5.5,4,4.75,5.11111111111111,4.875,4.57142857142857,4,5,4.8,4,7,5.8,6.66666666666667,6.33333333333333,4,4,4,4,3,2,3,2,3.25,7,7,4,7,7,6.7,5.66666666666667,1,4,2,2,2,3,5,3,4,3,1,1,2,2,2,6,1
5,4,2,4,2,6,6,5,7,7,7,6,6,6,6,6,6,6,6,6,6,6,6,6,6,6,1,6,6,6,6,6,1,2,3,2,2,4,2,5,1,2,2,3,2,1,21,22,22,22,23,24,23,24,6,4,4,3,4,3,3,4,4,3,2,1,2,2,1,1,1,1,1,1,2,1,1, , , , , , , , ,32,2,6,1,1,6,6,6,6,4.33333333333333,6,3.5,5.58333333333333,6,5.375,5.64285714285714,6,6,5, , , ,5.66666666666667, ,2,3,3,3,3,2,3,2,2.625,4,4,4,4,5,4,7,3,4,4,2,1,4,4,4,5,3,2,2,2,2,2,4,0
3,2,4,3,5,4,4,4,7,7,7,5,6,5,5,5,5,5,5,6,4,5,6,4,5,5,1,1,5,5,5,1,1,4,2,3,1,2,4,3,4,2,1,4,1,1,23,23,23,23,22,22,22,22,7,7,2,7,2,6,5,2,1,1,2,1,1,2,2,1,1,1,2,1,2,2,1,3,2,5,3,5,4,5,4,32,1,6,6,6,6,5.2,5.25,4.83333333333333,5.66666666666667,5,6,5.20833333333333,5.22222222222222,5.375,5.14285714285714,4,3,3,3,3,2.8,4,4.33333333333333,4,4,4,4,4,4,4,4,4,6,6,6,7,7,6.4,7,4,3,5,4,3,4,5,5,5,4.15384615384615,2,2,2,2,1,4,1
6,6,4,4,4,7,7,7,7,7,7,6,6,4,4,5,6,6,5,6,4,6,6,4,6,5,4,4,6,5,6,6,5,5,3,1,1,1,3,5,3,5,5,5,3,3,23,24,23,22,23,23,23,23,7,7,1,7,1,7,7,7,1,1,2,2,2,2,2,2,2,2,2,2,2,2,2,6,6,1,6,1,7,7,7,35,2,3,3,1,2,5,5.75,5.16666666666667,4,5.5,1.5,4.83333333333333,5.33333333333333,4.5,4.92857142857143,4,4,4.8,7,7,6.4,7,7,4,5,4,3,3,3,3,3,3.5,7,7,1,7,7,6.4,7,3,5,5,5,1,1,1,3,3,3.30769230769231,1,1,1,1,1,5,1
7,6,2,6,2,7,6,7,7,7,6,5,6,6,6,6,6,6,6,6,5,6,5,6,5,6,1,1,6,3,6,1,1,5,1,1,1,1,1,1,5,1,1,5,1,1,20,20,20,20,24,20,24,24,7,7,1,7,1,7,7,1,1,1,2,2,2,1,2,2,2,2,2,1,1,1,1, , , , , , , , ,29,1,6,6,6,6,5.8,6,5.5,6,4.5,6,5.58333333333333,5.88888888888889,6,5.5,6,6,6.2, , , ,6.66666666666667, ,1,1,1,1,2,6,2,2,2,7,7,7,7,7,7,6.66666666666667,5,5,5,5,5,5,5,5,5,4.69230769230769,1,1,1,1,1,10,0
7,7,1,7,1,7,7,7,7,7,7,6,6,6,6,6,6,6,6,6,4,6,6,6,6,6,1,5,6,6,6,1,1,5,1,1,1,1,5,1,5,1,1,5,1,1,23,23,23,23,22,22,22,22,7,7,1,7,1,7,7,1,1,1,2,2,2,1,1,2,1,1,2,1,1,2,1,7,7,1,7,1,7,7,7,38,1,6,2,6,6,6,6,5.66666666666667,4.66666666666667,6,6,5.75,6,6,5.57142857142857,7,7,7,7,7,7,7,7,4,4,4,4,4,4,4,4,4,7,7,7,7,7,7,7,5,5,5,5,5,5,5,5,5,5,1,1,2,2,1,8,1
5,5,5,4,5,6,5,6,5,6,7,4,5,4,4,2,4,2,3,6,3,3,1,3,4,4,4,1,4,2,5,2,1,3,2,3,4,3,4,3,3,4,4,1,3,3,23,24,22,24,24,24,23,23,4,4,6,5,5,6,5,6,6,5,2,1,2,1,2,1,1,1,2,2,1,2,2, , , , , , , , ,34,1,3,6,5,6,3.8,3.75,3,4.33333333333333,3.5,5.5,3.75,3.77777777777778,4.25,3.5,3,3,4, , , ,5.66666666666667, ,4,5,3,5,2,2,3,3,3.375,2,3,2,2,3,3.6,6,4,3,2,3,3,2,2,3,3,2.76923076923077,2,2,2,2,1,3,0
6,5,2,5,2,5,6,5,7,7,7,5,6,5,4,4,6,5,5,6,5,4,6,5,5,6,1,1,5,6,5,1,1,5,2,1,1,4,5,2,5,2,1,5,1,2,20,20,20,20,25,25,25,25,7,7,1,7,1,7,7,1,1,1,2,2,2,1,1,2,1,2,1,1,1,2,1,4,3,3,5,2,6,6,5,24,1,6,6,6,6,4.8,5.5,5.16666666666667,5.66666666666667,5.5,6,5.33333333333333,5.11111111111111,5.5,5.21428571428571,6,6,5.6,5,6,4.6,5.33333333333333,5.66666666666667,1,1,1,1,1,1,1,1,1,7,7,7,7,7,7,7,4,5,5,2,4,4,5,5,4,4.46153846153846,1,1,2,1,2,8,1
6,6,2,5,3,6,6,6,5,5,5,4,3,3,3,1,4,4,5,4,4,4,4,5,4,5,1,1,6,4,4,1,2,5,3,1,1,1,5,3,3,1,4,3,1,1,23,24,23,23,21,21,22,21,3,3,7,3,7,1,1,7,7,7,2,1,2,2,1,1,1,1,2,1,2,2,1,5,3,5,4,3,6,6,7,34,2,6,6,6,5,2.8,4.25,4.33333333333333,6,4,5.5,4.25,3.44444444444444,4.625,4.07142857142857,6,5,5.6,3,5,4,6,6.33333333333333,4,5,4,4,5,5,4,5,4.5,1,1,1,1,1,1.6,5,3,5,5,5,3,5,2,5,5,4.15384615384615,2,2,2,2,1,4,1
5,5,5,5,3,7,5,5,5,5,5,6,6,6,6,6,6,6,3,6,3,6,3,6,6,2,1,1,6,3,6,4,1,5,1,1,1,1,5,1,5,1,3,5,1,3,22,22,22,22,22,25,25,23,4,5,5,4,7,4,1,7,7,7,2,1,2,2,2,1,1,2,1,1,2,2,2,5,5,5,5,3,5,6,5,58,2,6,6,3,6,6,5.25,4.33333333333333,6,4.5,4.5,5.08333333333333,5.66666666666667,5.25,5.07142857142857,3,5,4.6,3,5,4.6,5.66666666666667,5.33333333333333,3,3,3,3,4,1,1,3,2.625,3,1,1,1,1,2.5,5,5,5,5,5,5,5,3,5,3,4.69230769230769,2,2,2,1,2,2,1
4,5,4,5,4,6,6,6,6,6,6,5,5,4,4,4,5,5,5,4,4,4,4,4,4,5,4,4,5,4,4,4,3,3,3,2,2,4,3,2,3,4,2,5,3,3,22,22,22,22,23,24,23,24,7,7,1,7,2,6,4,2,4,3,2,2,1,1,2,2,1,2,2,1,1,1,1, , , , , , , , ,30,2,3,3,3,4,4.4,4.75,4.16666666666667,3.66666666666667,4,3.5,4.16666666666667,4.55555555555556,4.375,4.07142857142857,4,4,4.4, , , ,6, ,3,3,3,3,3,2,3,2,2.75,7,6,6,4,5,5.9,6,3,4,4,2,4,2,4,3,3,3.30769230769231,1,1,2,1,1,10,0
3,3,3,3,5,6,6,6,6,6,6,5,5,5,5,2,5,5,5,5,5,5,5,3,5,5,2,4,5,5,5,1,3,4,3,1,1,1,3,3,5,4,1,5,1,1,22,22,23,22,23,23,23,22,6,6,2,6,2,6,6,2,2,2,2,2,1,1,2,1,2,2,2,1,1,1,1,5,3,3,3,3,6,5,5,33,2,5,3,6,4,4.4,5,4.66666666666667,4.33333333333333,5,5,4.70833333333333,4.66666666666667,5,4.5,5,3,3.4,5,5,4.2,6,5.33333333333333,3,3,4,3,3,3,3,4,3.25,6,6,6,6,6,6,6,3,5,5,5,3,2,5,5,5,4.23076923076923,1,2,1,1,1,10,1
6,5,3,5,2,6,6,7,6,6,5,6,6,5,5,5,6,6,5,5,6,6,6,5,5,6,4,5,5,6,6,2,2,2,4,3,2,4,2,4,2,4,4,3,4,3,22,22,22,22,23,23,23,23,6,6,2,6,3,6,5,3,3,3,2,2,2,1,1,2,1,2,1,1,1,1,1,6,5,5,4,2,5,6,6,41,2,3,2,5,5,5.4,5.5,5.66666666666667,3.33333333333333,6,5,5.29166666666667,5.44444444444444,5.25,5.21428571428571,5,6,5.4,3,6,4.8,6.33333333333333,5.66666666666667,3,3,3,3,3,3,3,3,3,6,5,5,5,5,5.5,5.66666666666667,2,3,4,2,2,2,2,2,3,2.38461538461538,1,1,2,1,2,9,1
6,4,4,5,2,6,5,6,7,7,6,6,6,6,6,4,5,6,6,6,5,6,6,6,6,5,3,4,6,5,6,4,3,2,3,2,1,2,3,4,2,3,1,3,2,3,23,23,22,23,22,24,22,22,7,5,3,6,4,5,5,4,4,2,2,2,2,2,1,2,1,2,2,1,1,2,1,4,5,3,5,2,5,5,6,32,2,4,3,3,4,5.6,5.75,5.66666666666667,4.33333333333333,5.5,3.5,5.29166666666667,5.66666666666667,5.25,5.28571428571429,4,6,5,5,6,5,5.66666666666667,5.33333333333333,4,4,3,4,4,2,4,4,3.625,5,4,4,4,6,5.1,6.66666666666667,3,4,5,4,2,3,5,4,3,3.30769230769231,1,1,2,1,1,8,1
5,5,5,6,5,6,5,4,6,4,3,5,5,3,4,4,5,5,4,5,5,4,4,5,5,3,4,4,4,5,4,5,2,4,4,4,2,2,4,3,2,3,4,4,4,4,24,23,24,23,23,23,23,24,5,5,5,5,4,5,5,6,3,5,2,1,2,1,2,2,2,1,2,1,2,2,1, , , , , , , , ,24,1,3,3,2,5,4.2,4.75,4.33333333333333,3.33333333333333,4.5,3.5,4.20833333333333,4.44444444444444,4.125,4.21428571428571,3,3,4.4, , , ,5, ,5,4,5,4,3,3,3,2,3.625,3,4,2,5,3,4.2,4.33333333333333,2,2,4,4,3,3,2,2,2,2.92307692307692,2,1,1,2,1,6,0
5,4,4,4,3,6,7,5,7,7,7,5,5,6,5,4,6,6,6,6,6,6,6,6,6,6,1,1,6,6,6,1,3,2,5,1,3,3,3,4,1,3,2,5,4,3,20,20,20,20,25,25,25,25,7,7,1,7,1,7,7,1,1,1,2,2,2,1,1,2,1,2,2,1,1,1,1, , , , , , , , ,38,2,6,6,6,4,5,6,6,6,6,5,5.70833333333333,5.44444444444444,5.75,5.64285714285714,4,5,4.4, , , ,6, ,1,1,1,1,1,1,1,1,1,7,7,7,7,7,7,7,1,5,3,3,2,3,4,2,3,2.84615384615385,1,1,2,1,1,10,0
7,7,6,6,1,7,6,6,6,6,7,5,4,4,5,5,6,4,5,5,4,6,6,6,5,5,6,5,4,4,5,6,5,4,3,1,1,3,5,5,4,4,4,5,4,1,25,23,24,23,23,24,24,25,7,6,1,6,3,7,7,6,1,1,2,2,2,2,2,1,2,2,2,2,1,2,1,6,7,6,7,1,6,6,6,29,1,1,2,1,2,4.6,5,5.33333333333333,2.33333333333333,4.5,1.5,4.29166666666667,4.77777777777778,3.875,4.5,2,7,5.8,2,7,5.8,6.33333333333333,6,6,4,5,4,3,2,2,1,3.375,7,5,2,7,7,6.1,6.33333333333333,3,5,5,3,1,2,2,2,5,3.53846153846154,1,2,1,1,1,6,1
6,5,5,5,3,6,6,6,6,6,6,5,5,5,5,5,5,5,5,5,5,5,5,5,5,5,2,2,5,5,5,2,2,3,4,3,2,3,3,4,1,2,3,4,2,2,22,21,21,22,24,24,24,23,6,6,2,6,3,5,5,5,3,3,2,1,1,1,2,2,1,2,2,1,1,1,1,6,5,3,4,3,6,5,5,34,1,5,5,5,5,5,5,5,5,5,5,5,5,5,5,3,5,4.8,5,5,5,6,5.33333333333333,3,2,2,3,2,2,2,3,2.375,6,5,3,5,5,5.2,6,2,3,4,3,2,4,3,4,4,3.07692307692308,2,1,2,1,1,9,1
6,6,6,6,6,6,6,6,6,6,6,5,4,5,5,5,4,5,5,5,5,4,5,5,4,5,4,5,4,4,4,4,4,4,4,4,4,4,4,4,4,4,4,4,4,4,24,23,24,24,23,24,24,24,6,5,6,5,5,6,6,6,5,5,2,2,2,2,2,1,1,2,2,1,2,2,2, , , , , , , , ,32,1,3,2,3,3,4.8,4.75,4.66666666666667,3,4,3,4.25,4.77777777777778,4.25,4.28571428571429,2,2,4.4, , , ,6, ,5,4,5,5,3,2,2,2,3.5,2,3,2,3,3,4.1,6,2,2,2,2,2,2,2,2,2,2.61538461538462,1,2,2,1,1,4,0
4,3,5,4,6,6,7,5,7,7,7,5,5,4,5,3,5,5,4,5,3,4,4,4,5,4,1,1,5,5,5,1,1,3,4,4,4,3,3,4,1,3,4,2,3,1,22,22,22,22,23,23,23,23,5,6,5,5,5,3,3,6,5,5,2,1,2,2,1,1,1,2,1,1,2,2,2,5,5,2,4,4,6,6,6,31,1,6,6,6,6,4.4,4.75,4,5.66666666666667,5,6,4.75,4.55555555555556,5,4.57142857142857,3,2,3.2,6,4,4.8,6,6,3,3,3,3,3,3,3,3,3,3,3,2,3,3,3.6,7,2,2,2,3,2,3,2,3,5,2.53846153846154,2,2,2,1,2,3,1
7,7,3,6,1,7,7,7,7,7,7,6,6,6,6,6,6,6,6,6,6,6,6,3,6,6,6,6,6,5,6,6,6,5,1,1,2,1,5,1,5,1,1,5,1,1,21,21,21,21,24,24,24,24,7,7,1,7,1,7,7,1,1,1,2,2,2,1,2,2,2,2,1,1,1,2,1,6,7,2,6,1,7,7,6,38,2,1,1,1,1,6,6,5.5,2.66666666666667,5.5,1,4.95833333333333,6,4.75,5,5,7,6.4,6,7,6.4,7,6.66666666666667,2,2,2,2,2,2,2,2,2,7,7,7,7,7,7,7,5,5,4,5,5,5,5,5,5,4.92307692307692,1,1,1,1,2,8,1
7,7,2,7,1,6,6,7,7,7,7,6,6,6,6,6,6,6,6,6,5,6,6,6,6,6,1,1,4,6,6,1,1,3,4,2,5,2,4,3,1,1,1,4,1,4,25,23,25,23,25,25,21,25,3,7,1,7,3,5,7,5,2,3,2,2,2,1,1,2,2,1,2,1,1,1,2, , , , , , , , ,28,2,6,6,6,6,6,6,5.83333333333333,5.33333333333333,6,6,5.875,6,5.75,5.92857142857143,6,7,6.8, , , ,6.33333333333333, ,6,4,6,4,1,1,5,1,3.5,7,5,3,6,5,5.5,7,2,4,1,4,3,5,5,5,2,3.30769230769231,1,1,1,2,1,9,0
4,3,3,2,5,7,5,5,6,6,6,5,5,5,5,4,5,5,5,5,5,5,4,5,5,5,2,2,5,5,5,1,3,4,3,2,3,4,2,4,2,2,2,4,3,2,22,22,22,22,23,23,23,23,5,5,4,5,4,3,3,6,5,5,1,2,2,1,1,1,1,2,1,1,2,2,1,3,2,3,2,4,3,6,5,31,1,5,5,6,4,4.8,5,4.83333333333333,5,5,5,4.91666666666667,4.88888888888889,5,4.85714285714286,5,3,3.4,5,4,3.2,5.66666666666667,4.66666666666667,3,3,3,3,3,3,3,3,3,4,4,2,3,3,3.7,6,3,4,3,2,2,4,4,3,4,3.15384615384615,1,2,2,1,2,7,1
4,5,4,5,2,5,5,7,7,7,7,6,6,4,4,6,6,4,4,4,5,6,6,6,3,5,3,3,6,5,6,3,3,5,2,2,2,2,5,1,4,2,1,4,2,2,20,23,20,22,22,23,24,23,5,7,1,7,2,6,4,4,4,2,2,1,1,2,1,2,1,2,2,2,2,1,1,5,4,4,5,1,3,7,5,33,1,4,4,4,4,5.2,4.5,5.16666666666667,4.66666666666667,5.5,4,4.95833333333333,4.88888888888889,4.5,5.14285714285714,4,6,4.8,4,7,5,5.66666666666667,5,1,4,1,3,4,3,2,3,2.625,7,6,4,4,6,5.6,7,4,4,4,4,5,4,5,4,4,4.30769230769231,2,1,2,1,1,7,1
4,5,2,4,2,6,6,6,6,6,6,6,6,6,6,5,5,6,6,6,2,5,3,2,5,6,2,2,5,3,5,4,1,4,2,2,2,2,4,4,3,1,3,4,1,2,20,21,20,20,24,25,22,24,6,6,2,6,2,6,5,4,4,2,2,2,2,2,2,2,2,2,1,1,2,1,2,4,4,4,5,1,6,6,5,55,2,5,5,3,6,5.8,5.75,3.83333333333333,5,4,4.5,4.79166666666667,5.77777777777778,5.375,4.57142857142857,6,6,5,4,7,4.8,6,5.66666666666667,1,2,1,1,2,1,4,2,1.75,6,6,4,4,6,5.5,6,4,4,4,4,2,5,3,5,4,3.84615384615385,1,1,1,1,2,6,1
4,4,4,4,4,5,5,5,4,4,4,4,4,4,4,4,4,4,4,4,4,4,4,4,4,4,4,4,4,4,4,4,4,5,1,1,1,1,5,1,4,1,1,5,1,1,23,23,22,23,23,23,23,23,7,7,1,7,1,7,7,1,1,1,2,2,2,2,2,2,1,2,1,1,2,2,1,5,5,5,5,5,4,4,4,36,1,3,3,3,3,4,4,4,3.33333333333333,4,3,3.83333333333333,4,3.75,3.85714285714286,4,4,4,3,3,4.2,5,4,4,4,3,4,3,3,3,3,3.375,7,7,7,7,7,7,4,5,5,5,5,5,5,5,5,5,4.92307692307692,1,1,2,1,2,5,1
5,3,1,5,6,3,6,5,1,6,3,2,5,5,3,4,6,4,1,3,5,3,3,1,3,2,3,2,5,2,2,5,4,1,1,4,3,1,4,3,2,5,2,4,2,5,24,21,24,20,22,20,23,20,1,7,1,3,6,2,3,5,4,2,2,2,2,2,1,1,2,1,1,1,2,2,1,1,3,3,7,1,6,3,3,31,1,4,5,2,3,3.8,3.5,2.83333333333333,4.66666666666667,2,2.5,3.20833333333333,3.66666666666667,3.625,3.14285714285714,7,2,4.4,5,7,4.6,4.66666666666667,4,5,2,5,1,4,6,3,6,4,7,2,3,4,6,3.8,3.33333333333333,5,2,3,5,3,1,4,4,1,3,1,2,1,2,2,5,1
7,7,1,7,1,7,7,7,7,7,7,6,6,6,6,6,6,6,6,6,6,6,6,6,6,6,1,1,6,6,6,1,1,3,5,1,3,3,3,3,1,3,3,5,3,3,20,20,20,20,25,25,25,25,7,7,1,7,1,7,7,4,1,1,2,2,2,2,1,2,1,2,2,1,1,2,1,7,7,3,6,2,7,7,7,33,2,6,6,6,6,6,6,6,6,6,6,6,6,6,6,7,7,7,5,6,6.2,7,7,1,1,1,1,1,1,1,1,1,7,7,4,7,7,6.7,7,1,5,3,3,3,3,3,3,3,3,1,1,2,1,1,8,1
6,5,4,6,4,6,6,6,6,6,6,5,5,5,5,4,5,5,4,5,5,5,4,4,5,4,3,2,5,4,5,5,4,4,3,1,1,1,5,4,3,1,1,5,1,1,22,23,21,21,23,24,24,23,6,6,1,6,2,7,6,2,1,1,2,2,2,2,2,1,1,2,1,2,2,2,1, , , , , , , , ,62,2,4,5,2,3,4.8,4.75,4.5,4.66666666666667,4.5,2.5,4.45833333333333,4.77777777777778,4.25,4.57142857142857,4,4,5, , , ,6, ,3,4,2,2,3,2,2,3,2.625,7,6,6,7,7,6.4,6,3,5,5,5,2,5,5,5,5,4.38461538461539,1,2,2,1,2,3,0
6,6,2,6,2,4,5,5,7,7,7,6,6,6,6,6,6,6,6,6,5,6,6,6,6,5,1,1,6,6,6,1,1,5,1,1,1,1,5,2,5,1,1,5,1,1,20,21,20,21,25,25,25,25,7,7,1,7,1,7,7,1,1,1,2,2,2,1,1,2,2,2,2,1,1,2,1,7,6,1,5,1,7,7,7,29,2,6,6,6,6,6,6,5.66666666666667,6,6,6,5.91666666666667,6,6,5.85714285714286,6,6,6,7,7,6.4,4.66666666666667,7,1,2,1,2,1,1,1,1,1.25,7,7,7,7,7,7,7,5,5,5,5,4,5,5,5,5,4.92307692307692,1,1,1,1,1,10,1
4,4,4,4,4,1,1,1,7,7,7,1,5,5,1,3,6,5,5,5,6,5,5,6,5,5,5,1,6,6,6,1,1,5,1,1,1,1,5,1,5,1,1,5,5,5,20,23,20,20,25,23,25,25,7,1,1,7,1,7,7,1,1,1,2,2,1,2,1,1,1,2,2,1,2,2,2, , , , , , , , ,32,1,2,6,6,6,3,5.25,5.33333333333333,4.66666666666667,6,6,4.91666666666667,4,5.5,4.42857142857143,4,4,4, , , ,1, ,1,4,1,1,1,3,1,1,1.625,7,7,7,7,7,6.4,7,5,5,5,5,5,5,5,1,1,4.38461538461539,1,2,2,1,1,6,0
7,7,7,7,7,7,7,7,6,6,5,6,6,5,6,6,4,6,6,6,5,6,4,6,5,5,6,6,6,4,6,6,6,5,5,1,3,5,5,5,5,4,5,4,5,4,24,24,24,23,25,24,24,24,3,3,3,4,3,3,4,4,5,3,1,2,2,2,2,2,2,1,2,2,2,1,2,7,5,4,7,5,3,6,6,23,1,1,1,1,1,5.8,5.5,5.16666666666667,2.66666666666667,5,1,4.66666666666667,5.66666666666667,4.375,4.78571428571429,1,1,4.6,4,3,5.2,7,5,5,5,5,4,1,2,2,2,3.25,5,5,4,3,5,3.9,5.66666666666667,1,5,3,1,1,2,1,1,2,2.76923076923077,1,1,1,2,1,6,1
5,5,6,3,6,5,5,3,6,6,6,4,2,5,5,4,3,3,5,5,5,4,5,5,5,5,5,5,5,5,5,5,3,4,2,2,3,3,3,2,4,4,2,3,4,4,24,22,22,23,24,23,23,23,5,5,5,5,5,5,5,4,5,4,1,1,1,2,1,2,1,1,1,1,1,2,1,5,5,6,2,5,5,5,2,22,1,2,2,2,4,4,4,4.83333333333333,3,5,3,4.16666666666667,4,4,4.14285714285714,2,2,3.4,2,3,3.4,4.33333333333333,4,5,3,3,4,2,3,3,3,3.25,3,3,4,3,4,4.2,6,4,4,3,3,4,2,4,2,2,3.23076923076923,2,1,2,2,2,7,1
3,3,4,3,4,6,6,6,6,6,6,6,6,6,5,6,6,6,6,6,4,6,6,6,6,6,1,1,6,6,6,1,1,2,4,3,4,4,2,5,1,4,3,3,4,2,21,21,21,21,24,24,24,24,4,4,4,5,4,3,3,5,5,5,2,2,2,2,2,1,1,1,2,1,2,2,1,4,4,3,4,3,7,7,6,39,1,6,6,6,6,5.8,6,5.66666666666667,6,6,6,5.875,5.88888888888889,6,5.78571428571429,4,4,3.4,5,5,4.4,6,6.66666666666667,2,2,2,2,2,2,2,2,2,4,4,3,3,3,3.6,6,2,3,2,2,1,2,3,2,4,2.23076923076923,1,2,2,2,1,4,1
5,6,3,4,3,6,7,7,7,7,7,5,5,4,4,5,5,5,5,5,5,6,5,5,5,5,3,3,5,4,5,4,3,3,4,4,4,4,3,5,4,4,2,4,4,1,22,22,22,22,23,23,23,23,7,6,2,7,3,5,6,4,5,4,2,2,2,2,2,2,1,2,2,1,1,2,1, , , , , , , , ,38,1,4,4,3,4,4.6,5,5.16666666666667,4.33333333333333,4.5,3.5,4.66666666666667,4.77777777777778,4.5,4.78571428571429,5,5,5, , , ,6.66666666666667, ,3,3,3,3,3,3,3,3,3,6,5,4,3,4,5.3,7,2,2,2,2,1,2,4,2,5,2.76923076923077,1,1,2,1,1,7,0
6,6,3,5,2,6,6,5,6,5,6,5,5,5,5,5,5,5,5,5,5,5,5,5,5,5,4,5,5,5,6,6,5,4,4,3,2,3,4,4,4,3,4,4,4,4,22,23,23,20,22,23,22,23,7,5,6,5,6,6,6,5,4,2,2,2,2,2,2,1,1,1,2,2,2,1,2,5,5,3,5,3,5,7,7,52,2,3,2,1,2,5,5,5,3.33333333333333,5.5,1.5,4.58333333333333,5,4.125,4.71428571428571,5,6,5.6,5,5,5,5.66666666666667,6.33333333333333,3,4,4,1,4,3,4,3,3.25,2,2,3,4,6,4.6,5.66666666666667,2,3,4,3,2,3,2,2,2,3,1,2,2,2,1,3,1
5,4,2,3,4,7,6,6,6,7,6,6,6,5,3,5,6,5,5,6,4,6,4,3,6,5,1,1,5,5,5,1,1,2,4,2,2,4,3,4,2,4,3,4,4,2,23,24,23,23,22,22,22,21,5,6,2,6,2,6,5,3,5,5,2,1,2,1,1,1,1,1,2,1,1,2,1,4,4,4,5,3,5,5,5,41,1,6,6,6,6,5,5.5,4.66666666666667,5.66666666666667,5,6,5.16666666666667,5.22222222222222,5.5,5,6,4,4.4,4,5,4.4,6.33333333333333,5,4,5,4,4,4,4,4,5,4.25,6,6,5,3,3,5.1,6.33333333333333,2,4,4,2,2,2,3,2,4,2.76923076923077,2,2,2,2,1,6,1
6,7,4,6,1,6,5,6,4,6,3,6,6,3,5,2,5,4,1,6,5,6,4,4,4,2,5,4,5,6,5,2,4,1,1,1,1,1,2,1,2,4,1,1,2,1,23,25,24,23,25,23,24,25,1,5,2,6,1,6,1,1,1,2,2,2,2,2,1,2,2,2,2,2,1,2,1, , , , , , , , ,44,2,2,3,5,3,4.4,4,4.16666666666667,3.33333333333333,5.5,4,4.29166666666667,4.22222222222222,4,4.28571428571429,4,7,6, , , ,5.66666666666667, ,4,6,5,4,1,3,2,1,3.25,6,7,7,7,6,5.2,4.33333333333333,5,5,5,5,5,2,5,4,5,3.61538461538462,1,1,1,1,1,8,0
4,4,4,4,4,4,4,4,4,4,4,5,5,5,4,4,3,4,4,4,4,4,3,4,3,4,4,4,4,5,4,4,4,3,3,3,3,3,3,3,3,3,3,3,3,3,23,23,23,23,23,23,23,23,4,4,4,4,4,4,4,4,4,4,1,2,1,1,1,2,2,1,2,1,1,2,2,1,1,1,1,1,1,1,1,41,1,3,3,3,3,4.6,3.75,3.66666666666667,3.33333333333333,4.5,3,3.91666666666667,4.22222222222222,3.75,3.92857142857143,4,4,4,7,7,3.4,4,1,4,4,4,4,3,3,3,3,3.5,4,4,4,4,4,4,4,3,3,3,3,3,3,3,3,3,3,1,1,1,2,1,10,1
4,4,5,4,2,7,7,7,6,6,6,4,4,3,2,4,5,6,5,5,6,6,4,4,6,5,1,5,6,4,6,1,2,4,5,3,3,4,4,1,4,1,2,5,5,2,22,22,22,22,25,25,25,25,7,7,1,7,1,7,7,1,1,1,2,2,2,1,1,2,1,1,2,2,1,1,2, , , , , , , , ,26,1,6,2,6,5,3.4,5.25,5.16666666666667,4.66666666666667,5,5.5,4.75,4.22222222222222,5.125,4.5,3,6,4.2, , , ,7, ,3,3,3,3,1,1,1,1,2,7,7,7,7,7,7,6,1,3,3,2,5,5,4,1,4,3.46153846153846,1,1,2,2,1,7,0
7,7,5,6,1,7,7,7,7,7,7,6,6,1,5,4,6,6,6,6,6,6,5,6,6,6,1,1,6,6,6,1,1,5,3,1,1,1,5,1,5,5,1,5,1,1,20,25,20,22,25,25,25,25,7,7,1,7,1,7,7,1,1,1,2,2,2,2,1,2,1,2,2,1,1,2,1,7,7,3,5,1,4,7,7,32,1,6,6,6,6,4.4,6,5.83333333333333,6,6,6,5.625,5.11111111111111,5.375,5.71428571428571,3,7,6,5,7,6.2,7,6,1,6,1,3,1,1,1,1,1.875,7,7,7,7,7,7,7,3,5,5,5,5,1,5,5,5,4.53846153846154,1,1,2,1,1,8,1
4,5,3,4,3,5,5,5,4,4,4,5,5,5,5,5,5,5,5,5,5,5,5,5,5,5,3,3,5,4,5,3,3,2,4,3,1,4,2,4,2,4,2,3,4,1,21,21,21,21,24,24,24,24,3,3,5,3,5,3,3,5,5,5,1,1,1,1,1,2,2,2,2,1,1,1,1,5,5,3,4,3,4,4,4,29,1,4,4,4,4,5,5,5,4.33333333333333,4.5,4,4.75,5,4.75,4.78571428571429,5,5,4.6,5,5,4.8,5,4,2,2,2,2,2,2,2,2,2,3,3,3,3,3,3,4,2,3,5,2,2,2,4,2,5,2.76923076923077,2,1,1,1,1,12,1
5,4,2,4,3,6,6,5,7,7,7,5,5,5,5,6,5,5,5,5,5,5,5,5,5,5,2,2,5,5,5,2,2,5,2,2,4,4,3,2,5,3,1,4,1,1,22,22,22,21,23,23,23,23,5,5,3,6,4,4,4,2,5,5,2,1,2,2,2,2,1,2,2,1,1,2,1,5,4,3,5,2,7,6,7,28,1,5,5,5,5,5.2,5,5,5,5,5,5.04166666666667,5.11111111111111,5,5.07142857142857,6,5,4.8,5,6,5,5.66666666666667,6.66666666666667,3,3,3,2,3,3,3,3,2.875,5,4,6,3,3,4.5,7,4,4,2,2,4,3,5,5,5,3.92307692307692,2,1,2,1,1,6,1
5,6,5,5,6,6,5,5,5,6,6,6,6,5,5,5,5,5,5,6,3,5,5,5,5,5,3,6,4,5,5,6,2,3,3,1,2,3,4,4,2,3,3,4,2,2,21,22,22,22,25,24,22,24,7,6,2,5,1,7,6,7,2,2,2,2,1,2,2,2,1,1,2,2,2,1,1,6,5,6,6,5,6,6,6,29,1,4,1,1,5,5.4,5.25,4.66666666666667,3,5,3,4.625,5.33333333333333,4.5,4.64285714285714,3,2,4.2,2,3,4.4,5.33333333333333,6,2,3,3,3,1,2,4,2,2.5,6,7,1,6,6,5.7,5.66666666666667,3,5,4,3,2,3,3,4,4,3.38461538461538,1,1,2,2,1,6,1
5,4,5,5,3,6,6,6,6,7,6,5,5,5,5,6,6,5,5,6,4,5,3,4,5,5,5,3,5,5,4,5,4,2,4,2,2,4,2,3,3,3,2,3,3,4,24,24,24,24,23,23,24,23,6,2,2,5,2,6,6,6,2,2,2,2,2,1,1,2,2,1,1,1,1,1,1, , , , , , , , ,49,2,2,4,2,3,5.2,5.5,4.33333333333333,3.66666666666667,4.5,2.5,4.5,5.33333333333333,4.625,4.42857142857143,3,5,4.4, , , ,6, ,5,5,5,5,3,3,2,3,3.875,6,6,2,6,6,5.1,6.33333333333333,2,4,4,2,3,3,4,3,2,2.84615384615385,1,1,1,2,2,9,0
5,6,2,4,4,5,4,3,7,7,7,5,5,4,4,5,6,6,5,6,6,6,5,6,5,5,1,2,5,5,6,2,2,4,3,1,3,1,3,4,4,3,3,5,2,4,22,21,22,21,23,25,24,23,5,6,4,4,3,6,5,6,5,3,1,2,2,2,2,1,1,1,1,2,1,1,1, , , , , , , , ,25,2,6,5,5,5,4.6,5.75,5.5,5.33333333333333,5.5,5,5.29166666666667,5.11111111111111,5.25,5.28571428571429,6,4,5, , , ,4, ,3,2,3,2,3,1,2,3,2.375,4,5,2,3,5,4.5,7,3,5,3,5,2,3,3,4,2,3.53846153846154,1,2,2,2,2,5,0
6,6,2,6,2,4,5,5,5,6,5,5,5,4,4,4,4,4,4,4,4,4,5,4,4,3,5,4,4,3,5,5,4,4,1,1,1,1,5,1,4,1,1,4,1,1,24,23,23,23,22,22,22,22,5,6,2,6,3,5,5,3,2,3,2,1,2,2,2,1,1,1,1,2,2,2,2,5,7,2,7,2,5,4,6,28,2,2,3,2,3,4.4,4,4,3,4,2.5,3.83333333333333,4.22222222222222,3.625,3.92857142857143,6,6,6,6,6,6.2,4.66666666666667,5,5,4,4,4,4,4,4,4,4.125,6,5,5,6,5,5.4,5.33333333333333,5,5,5,5,5,5,5,5,5,4.76923076923077,2,2,2,2,2,0,1
6,6,3,4,3,4,6,7,7,7,7,6,4,6,5,3,6,6,6,6,6,6,6,6,6,6,2,2,5,6,6,1,3,4,3,1,4,3,3,3,4,3,2,5,2,2,25,25,25,25,21,22,21,20,6,6,1,7,2,7,6,5,1,1,2,2,2,2,1,1,2,1,2,1,1,2,1,4,5,3,4,3,6,7,7,34,1,5,5,6,4,4.8,6,6,5,6,5,5.54166666666667,5.33333333333333,5.625,5.42857142857143,5,5,5.2,5,5,4.6,5.66666666666667,6.66666666666667,6,6,6,6,5,4,5,6,5.5,7,6,3,7,7,6.2,7,3,5,2,3,3,3,4,4,4,3.61538461538462,1,2,1,2,1,7,1
6,3,6,3,6,7,6,5,7,7,7,6,4,6,6,6,6,6,6,6,5,6,6,4,6,6,5,2,6,5,6,2,1,2,5,5,4,4,1,5,2,5,5,5,1,5,24,23,20,20,24,25,25,23,4,4,7,4,4,4,1,7,7,7,2,1,1,2,1,2,2,2,1,2,2,1,1,7,7,3,7,3,7,7,5,23,2,2,5,5,6,5.6,6,5.5,4.33333333333333,5.5,5.5,5.45833333333333,5.77777777777778,5.875,5.21428571428571,2,2,3.2,5,5,6.2,6,6.33333333333333,5,4,1,1,2,1,1,3,2.25,1,4,1,1,1,2.5,7,1,1,2,2,1,1,1,5,1,1.92307692307692,2,1,1,1,2,7,1
7,5,3,4,3,7,7,6,7,7,7,5,5,6,5,5,5,5,6,4,5,5,5,6,6,6,4,5,5,6,5,6,6,4,4,1,2,2,3,2,1,4,4,2,3,3,23,24,23,23,23,24,23,24,5,6,2,6,6,6,6,5,5,1,2,1,1,2,2,2,1,1,1,2,2,2,2,6,6,3,7,1,7,7,7,46,1,3,2,1,1,5.2,5,5.5,3.33333333333333,5.5,1,4.70833333333333,5.11111111111111,4.125,4.92857142857143,5,5,5.2,5,7,6.2,6.66666666666667,7,4,5,4,4,3,2,3,2,3.375,6,2,3,3,7,5,7,2,5,4,4,4,2,2,3,3,3,2,1,2,2,2,2,1
1,1,7,1,7,1,1,1,1,1,1,1,6,6,6,6,6,6,6,6,6,6,6,6,6,6,1,1,6,6,6,1,1,1,5,5,5,5,1,5,1,5,5,1,5,5,20,20,20,20,25,25,20,25,1,1,7,1,7,1,1,7,7,7,1,2,2,1,1,2,2,2,2,1,1,1,1,1,1,7,1,7,1,1,1,36,1,6,6,6,6,5,6,6,6,6,6,5.79166666666667,5.44444444444444,6,5.64285714285714,1,1,1,1,1,1,1,1,1,1,1,1,1,1,6,1,1.625,1,1,1,1,1,1,1,1,1,1,1,1,1,1,1,1,1,1,1,1,1,1,12,1
5,5,4,5,3,6,5,6,6,6,6,4,4,4,3,3,4,4,5,4,4,4,4,4,4,4,3,3,5,4,4,3,3,3,2,2,3,3,4,2,3,2,2,4,2,2,21,21,21,21,24,24,24,24,6,6,2,6,2,6,3,3,2,2,2,1,2,2,2,1,1,2,2,1,1,1,1,5,5,4,5,3,6,6,6,29,1,4,4,4,4,3.6,4.25,4,4.33333333333333,4,4,4,3.88888888888889,4.25,3.85714285714286,4,5,4.8,4,5,4.8,5.66666666666667,6,2,2,2,2,2,2,2,2,2,6,6,5,6,6,5.6,6,4,4,3,3,4,4,4,4,4,3.69230769230769,2,2,2,1,1,6,1
5,6,3,6,3,7,7,7,7,7,5,4,4,4,4,4,6,6,5,6,5,5,4,3,5,5,1,1,6,4,6,1,1,4,2,1,1,3,4,2,4,2,1,5,1,2,21,21,21,21,24,24,24,23,7,7,1,7,1,7,7,1,1,1,2,2,2,1,2,2,1,2,2,1,1,2,1,4,5,2,3,3,6,6,5,44,1,6,6,6,6,4,5.75,4.5,6,5,6,5,4.77777777777778,5.625,4.64285714285714,5,5,5.4,6,5,4.6,7,5.66666666666667,2,2,2,2,2,2,2,3,2.125,7,7,7,7,7,7,6.33333333333333,4,5,5,3,4,4,5,5,4,4.30769230769231,1,1,2,1,1,8,1
5,3,5,2,3,6,6,6,6,6,5,4,5,5,5,6,5,5,5,5,5,5,5,5,5,5,1,1,5,5,5,2,1,4,2,5,3,2,4,2,3,2,2,4,2,2,24,23,24,24,21,21,21,21,6,6,1,6,3,6,6,3,2,2,2,2,2,1,1,2,2,1,2,1,1,2,1,5,3,3,2,3,5,5,5,33,1,6,6,5,6,5,5,5,5.66666666666667,5,5.5,5.125,5,5.125,5.14285714285714,3,5,3.6,5,5,4,6,5,5,4,5,5,5,5,5,5,4.875,7,5,5,6,6,5.9,5.66666666666667,4,1,3,4,4,4,4,4,4,3.61538461538462,1,1,1,2,1,9,1
3,5,2,4,3,7,6,6,7,7,7,4,3,3,3,3,5,5,5,3,4,5,5,5,4,6,2,1,4,3,5,2,1,4,1,1,1,2,4,3,4,1,2,4,1,3,20,20,20,20,25,25,25,25,6,6,2,3,2,3,3,3,2,3,2,1,2,2,2,1,1,1,2,1,1,2,1,5,5,3,4,2,5,5,5,60,1,5,6,5,6,3.2,4.5,4.83333333333333,5,4,5.5,4.375,3.77777777777778,4.5,4.35714285714286,6,5,4.6,5,6,5,6.33333333333333,5,1,1,1,1,1,1,1,1,1,6,6,5,6,5,4.9,7,5,5,5,4,3,5,4,5,3,4.23076923076923,2,2,2,2,1,4,1
6,6,2,6,2,6,6,6,6,6,6,5,5,5,5,5,5,5,5,5,5,5,5,5,5,5,2,2,5,5,5,2,2,4,1,1,1,1,4,1,4,1,1,4,1,1,22,22,22,22,22,23,22,23,6,6,2,6,2,6,6,2,2,2,2,2,1,1,1,2,1,2,2,1,1,1,1, , , , , , , , ,19,1,5,5,5,5,5,5,5,5,5,5,5,5,5,5,6,6,6, , , ,6, ,3,3,3,3,4,3,4,3,3.25,6,6,6,6,6,6,6,5,5,5,5,5,5,5,5,5,4.69230769230769,1,1,2,1,1,11,0
4,3,3,3,4,5,5,4,4,5,4,4,5,4,4,4,4,3,4,5,4,4,4,4,5,5,5,4,5,3,5,5,4,4,1,1,1,1,3,1,4,2,1,4,1,1,23,23,23,23,23,22,23,23,6,5,2,5,2,5,6,2,2,2,2,1,2,2,2,1,1,2,1,2,1,2,1,5,5,4,5,3,6,5,5,25,2,2,3,2,3,4.2,4,4.33333333333333,3.33333333333333,4,2.5,3.91666666666667,4.11111111111111,3.75,4,5,4,3.8,4,5,4.8,4.66666666666667,5.33333333333333,4,4,4,4,3,4,3,3,3.625,6,6,6,6,6,5.7,4.33333333333333,5,5,5,5,5,4,5,5,5,4.53846153846154,2,2,2,1,2,3,1
7,7,6,7,6,5,6,6,6,5,6,6,6,5,6,6,6,6,6,6,6,6,6,6,6,6,6,2,6,5,6,6,2,5,3,1,1,2,4,2,5,2,1,4,2,1,21,21,20,20,25,25,25,25,6,7,1,7,1,7,7,1,7,1,2,2,2,1,2,2,1,2,1,1,1,1,1, , , , , , , , ,28,2,1,5,1,5,5.8,6,6,4,5.5,3,5.375,5.88888888888889,5.125,5.5,2,2,5, , , ,5.66666666666667, ,2,2,1,1,1,1,1,1,1.25,7,7,7,1,7,6.3,5.66666666666667,3,5,5,4,4,4,5,4,5,4.38461538461539,1,1,2,1,2,8,0
6,6,6,6,6,6,6,6,6,6,6,5,5,4,5,5,5,5,4,6,5,5,5,5,5,5,5,5,5,5,5,5,3,2,1,1,1,1,2,1,1,1,1,1,2,1,23,24,24,24,24,24,23,22,6,6,6,6,6,6,6,6,2,3,2,2,1,2,2,1,2,2,2,1,2,2,1, , , , , , , , ,39,1,2,2,2,4,4.8,5,5,3,5,3,4.54166666666667,4.88888888888889,4.375,4.57142857142857,2,2,4.4, , , ,6, ,4,5,5,5,2,2,3,4,3.75,2,2,2,6,5,4.7,6,5,5,5,5,5,5,5,4,5,3.84615384615385,1,2,1,1,1,7,0
4,5,2,5,2,6,7,6,7,6,6,5,5,5,5,5,5,5,5,6,5,6,5,4,5,5,2,3,5,4,5,3,4,2,4,4,3,4,2,5,2,4,2,5,4,1,24,24,24,24,22,22,22,22,5,6,3,5,3,4,4,5,5,4,2,1,2,2,1,1,1,1,1,1,2,2,1,4,5,2,3,5,7,7,7,36,2,5,4,4,3,5,5.25,5,4.66666666666667,4.5,3.5,4.79166666666667,5.11111111111111,4.75,4.85714285714286,6,6,5.2,6,3,4.2,6.33333333333333,7,5,5,5,5,4,4,4,4,4.5,5,5,3,3,4,4.4,6.33333333333333,2,2,3,2,1,2,4,2,5,2.61538461538462,2,2,2,2,2,3,1
5,5,2,4,2,6,5,5,6,6,6,5,5,6,6,4,6,6,5,5,6,6,6,4,5,6,2,6,5,5,6,6,4,3,3,1,2,2,4,2,4,3,2,4,2,2,20,21,21,20,24,24,24,24,6,6,2,6,3,6,6,3,2,5,2,2,2,1,2,2,1,2,2,1,1,2,2, , , , , , , , ,33,2,5,1,1,3,5.2,5.5,5.5,3.66666666666667,5.5,2,4.91666666666667,5.33333333333333,4.625,5,6,6,5.2, , , ,5.33333333333333, ,1,2,2,1,2,2,2,2,1.75,6,5,5,6,3,5.5,6,3,5,4,4,4,3,4,4,4,3.84615384615385,1,1,2,1,1,7,0
4,4,3,4,3,3,4,2,4,4,6,3,3,3,3,3,3,3,3,4,3,3,3,3,3,3,3,3,3,3,3,3,3,3,1,1,1,1,5,1,3,1,1,3,1,1,22,22,22,22,22,22,22,22,4,4,2,4,3,4,4,4,1,3,1,1,1,1,1,1,2,2,1,2,2,2,2,4,3,4,4,4,4,4,4,30,1,4,4,4,4,3,3.25,3,3.66666666666667,3,4,3.20833333333333,3.11111111111111,3.375,3.14285714285714,5,5,4.4,4,4,3.8,3,4,3,3,3,3,4,4,4,4,3.5,6,5,4,7,5,4.7,4.66666666666667,5,5,5,5,5,5,5,5,5,4.53846153846154,2,2,1,1,2,6,1
4,4,5,4,4,7,7,7,7,7,7,4,5,5,4,4,5,6,5,5,5,5,5,4,5,5,2,2,6,5,5,2,2,2,4,3,2,4,2,4,2,3,2,3,1,2,22,23,23,22,23,23,23,22,5,5,2,5,2,5,5,4,2,2,2,2,2,2,1,2,1,2,1,1,1,1,1, , , , , , , , ,27,2,5,5,5,5,4.4,5.25,4.83333333333333,5.33333333333333,5,5,4.91666666666667,4.77777777777778,5.25,4.71428571428571,3,4,3.8, , , ,7, ,3,4,4,3,3,3,3,4,3.375,6,6,4,6,6,5.3,7,2,3,4,2,2,3,4,5,4,2.92307692307692,1,1,2,1,2,8,0
7,5,2,5,1,4,2,6,7,7,7,6,5,5,6,5,6,6,6,6,5,5,6,5,5,6,5,4,6,6,6,4,5,4,4,2,2,2,4,3,4,3,2,5,1,2,24,24,24,22,23,24,24,24,6,6,2,6,1,6,6,2,5,2,2,1,2,2,2,1,1,2,2,1,1,1,2, , , , , , , , ,49,2,2,3,3,2,5.4,6,5.33333333333333,3.66666666666667,6,2.5,5.125,5.66666666666667,5,5.07142857142857,6,7,6, , , ,4, ,5,5,5,3,3,2,2,2,3.375,6,7,6,3,6,5.8,7,2,4,4,4,3,3,4,5,4,3.84615384615385,2,2,2,1,1,5,0
6,6,2,5,2,6,6,6,6,6,4,4,5,5,5,5,5,5,5,5,5,5,5,5,5,5,2,2,5,5,5,2,2,4,2,2,2,2,4,2,4,2,2,4,1,1,21,21,21,21,24,24,24,24,6,6,2,6,2,6,6,3,2,2,2,2,1,2,1,2,1,2,2,1,1,1,1,6,5,3,5,2,6,6,6,27,2,5,5,5,5,4.8,5,5,5,5,5,4.95833333333333,4.88888888888889,5,4.92857142857143,6,6,5.8,5,6,5.4,6,6,2,2,2,2,2,2,2,2,2,6,6,5,6,6,5.9,5.33333333333333,4,4,4,4,4,4,4,5,5,4.15384615384615,1,1,2,1,1,10,1
6,5,6,6,5,5,7,5,5,7,4,3,4,3,5,5,5,5,3,5,4,4,4,5,5,4,4,4,4,5,5,3,4,4,3,2,4,4,4,3,3,3,3,2,3,3,23,23,23,23,23,24,24,22,5,3,2,5,3,4,6,6,4,4,2,2,1,1,1,2,1,2,2,2,1,1,1,6,6,4,6,2,5,6,5,39,1,3,3,4,3,4,4.5,4.33333333333333,3.33333333333333,5,3.5,4.20833333333333,4.22222222222222,4,4.21428571428571,2,3,4.4,4,6,5.6,5.66666666666667,5.33333333333333,4,4,4,4,3,2,2,4,3.375,6,5,2,4,4,4.4,5.33333333333333,3,4,2,2,3,3,3,3,3,3,1,1,2,1,1,10,1
4,5,5,6,3,7,7,7,7,7,6,5,5,5,5,5,5,5,6,5,5,4,5,5,5,5,6,5,6,5,5,5,4,4,2,2,3,2,4,2,4,4,2,5,2,2,23,25,24,23,24,24,23,23,7,7,2,6,4,6,7,2,3,2,2,2,1,2,2,2,1,2,1,1,1,1,1,6,6,2,7,2,7,6,6,38,1,1,2,2,3,5,5.25,4.83333333333333,3,5,2.5,4.54166666666667,5.11111111111111,4.625,4.42857142857143,3,5,4.6,6,6,6.2,7,6.33333333333333,4,6,5,4,2,2,3,3,3.625,6,4,6,5,6,6,6.66666666666667,4,4,3,4,4,2,4,4,4,3.84615384615385,1,1,2,1,2,8,1
6,6,6,6,2,7,7,5,7,7,7,6,6,6,6,6,6,6,6,6,6,6,6,6,6,6,6,6,6,6,6,4,6,5,4,2,1,2,5,2,4,3,4,5,1,1,25,25,25,25,25,25,25,25,7,7,1,7,1,7,7,7,1,1,2,2,2,1,1,2,1,2,1,1,1,1,1,6,6,1,6,1,5,7,5,37,2,1,1,3,1,6,6,6,2.66666666666667,6,2,5.25,6,5,5.28571428571429,2,6,5.2,7,7,6.4,6.33333333333333,5.66666666666667,6,6,6,6,1,1,1,1,3.5,7,7,1,7,7,6.4,7,2,4,5,4,4,3,2,5,5,4.07692307692308,1,1,2,1,2,9,1
4,4,4,4,1,4,7,4,6,6,6,4,4,4,4,4,5,5,5,4,4,5,5,5,5,5,4,3,5,4,5,3,3,3,3,1,3,1,3,3,4,2,2,5,2,2,22,24,22,21,23,22,22,22,6,6,2,6,2,6,6,5,2,2,2,1,2,1,1,1,1,2,1,2,1,2,1, , , , , , , , ,27,2,3,4,4,4,4,4.75,4.83333333333333,4,4.5,4,4.41666666666667,4.33333333333333,4.5,4.35714285714286,4,7,4.6, , , ,5, ,3,5,3,2,3,4,4,4,3.5,6,6,3,6,6,5.7,6,3,5,3,5,3,4,4,4,4,3.84615384615385,2,2,2,1,2,5,0
7,7,1,7,1,7,5,7,7,7,6,5,5,6,5,5,6,6,6,5,6,6,6,6,6,6,4,5,5,6,6,4,3,4,1,1,1,1,5,1,4,1,1,4,1,1,22,22,22,21,24,23,24,23,7,7,1,7,1,7,7,2,1,1,2,2,2,1,1,2,2,2,1,1,1,1,1,7,7,1,7,1,7,7,7,51,2,3,2,3,4,5.2,5.75,6,3.33333333333333,6,3.5,5.25,5.44444444444444,5.125,5.21428571428571,7,7,7,7,7,7,6.33333333333333,7,3,3,3,2,2,3,2,3,2.625,7,7,6,7,7,6.9,6.66666666666667,5,5,5,5,5,5,5,5,5,4.76923076923077,1,1,1,1,2,10,1
6,6,1,6,1,5,5,5,7,7,6,6,6,5,4,3,6,5,5,6,6,6,6,6,6,6,5,6,5,6,6,6,3,1,5,2,4,4,1,4,1,4,2,5,4,4,20,20,21,20,25,25,25,25,7,7,1,7,1,7,5,5,1,1,2,2,2,1,1,1,1,2,2,2,1,1,1,6,6,3,7,2,5,7,6,49,1,2,1,1,4,4.8,5.5,6,2.66666666666667,6,2.5,4.95833333333333,5.11111111111111,4.625,5,7,7,6.4,5,6,6,5,6,1,1,2,1,1,1,1,1,1.125,7,7,3,7,7,6.4,6.66666666666667,1,4,2,2,2,2,4,2,2,2.23076923076923,1,2,2,1,1,8,1
6,3,2,3,4,6,6,7,7,7,7,5,6,6,5,5,5,6,6,5,3,5,4,4,6,4,1,3,6,5,6,1,1,5,1,1,1,1,3,2,5,1,1,5,1,1,20,20,20,20,20,25,25,25,7,7,1,7,1,7,7,1,1,1,2,2,2,1,1,2,2,2,1,1,1,1,1,1,2,5,2,6,4,7,5,47,2,6,4,6,6,5.4,5.5,4.33333333333333,5.33333333333333,5.5,6,5.20833333333333,5.44444444444444,5.75,4.85714285714286,6,4,4.4,3,2,2,6.33333333333333,5.33333333333333,1,1,1,1,6,1,1,1,1.625,7,7,7,7,7,7,7,5,5,5,5,4,5,5,5,5,4.76923076923077,1,1,1,1,2,10,1
6,4,5,5,3,6,6,4,6,6,5,4,4,4,3,2,5,5,4,5,4,5,4,4,4,4,2,2,5,5,4,2,2,2,3,2,3,3,3,3,2,3,3,5,2,2,21,21,21,20,24,24,24,23,6,6,2,6,2,6,5,5,5,5,1,1,2,2,2,1,1,2,1,2,2,2,1,6,2,3,4,2,6,6,4,29,2,5,5,5,5,3.4,4.75,4.16666666666667,5,4.5,5,4.33333333333333,4,4.75,4.07142857142857,3,5,4.6,5,6,4.6,5.33333333333333,5.33333333333333,2,2,2,1,2,2,2,3,2,6,6,3,3,3,5,5.66666666666667,3,4,3,3,3,3,3,4,4,3.23076923076923,2,2,2,1,2,3,1
4,4,4,3,4,6,5,4,5,6,4,3,4,3,2,3,3,4,4,4,3,4,3,4,3,4,4,4,3,3,4,4,5,3,3,1,1,3,4,4,3,4,2,3,4,4,23,22,23,23,24,21,23,21,3,6,5,5,4,3,5,3,1,4,1,2,1,1,2,2,2,1,1,1,1,2,2, , , , , , , , ,25,2,3,3,3,2,3,3.75,3.5,3,3.5,2.5,3.29166666666667,3.33333333333333,3.25,3.28571428571429,4,4,3.8, , , ,5, ,4,3,4,4,2,5,3,5,3.75,3,4,5,7,4,4.5,5,3,5,5,3,2,2,4,2,2,3.15384615384615,1,1,1,2,2,8,0
5,6,2,5,2,6,7,7,6,6,6,4,6,6,6,6,6,6,5,6,5,5,6,6,5,5,2,2,6,5,5,2,2,3,2,1,2,2,3,1,3,2,2,5,2,2,25,24,24,23,21,21,21,20,6,6,2,6,2,5,6,2,3,2,2,1,2,1,1,2,1,2,2,1,1,1,1, , , , , , , , ,25,2,5,5,5,5,5.6,5.75,5.33333333333333,5.33333333333333,5,5,5.375,5.66666666666667,5.625,5.28571428571429,6,6,5.6, , , ,6.66666666666667, ,6,5,5,4,5,5,5,6,5.125,6,6,6,5,6,5.8,6,4,5,4,4,5,4,4,4,4,4,2,1,2,1,1,9,0
3,5,3,3,5,4,7,7,7,7,7,6,6,6,6,6,6,6,6,6,5,5,6,5,6,5,1,1,1,5,6,1,1,4,4,1,1,4,4,1,4,2,1,5,4,1,22,22,23,22,23,23,23,23,7,7,1,7,1,7,7,1,1,1,2,1,2,1,1,1,1,2,2,1,2,2,1, , , , , , , , ,25,1,6,6,6,6,6,6,5.33333333333333,4.33333333333333,5.5,6,5.54166666666667,6,5.375,5.64285714285714,5,3,3.8, , , ,6, ,3,3,4,3,3,3,3,3,3.125,7,7,7,7,7,7,7,2,5,5,2,5,4,5,2,5,4,2,2,2,1,1,6,0
6,6,3,6,2,7,7,7,6,7,6,4,4,4,3,3,5,5,5,4,4,5,3,4,4,4,4,4,4,3,5,4,4,2,4,3,2,4,2,4,2,4,3,4,4,3,22,22,22,21,23,23,23,23,7,7,1,7,2,7,7,5,2,3,1,1,1,2,2,1,1,2,1,1,2,1,1,6,5,2,6,2,7,7,7,22,2,3,3,3,3,3.6,4.75,4,3.33333333333333,4,3,3.875,4.11111111111111,4.125,3.71428571428571,5,6,5.8,6,6,5.8,7,7,3,3,3,2,3,3,3,3,2.875,7,6,3,6,5,6.2,6.33333333333333,2,3,4,2,2,2,3,2,3,2.53846153846154,2,2,2,1,2,6,1
6,6,2,6,1,6,7,7,7,6,6,5,5,6,5,5,6,6,6,6,6,6,6,5,6,6,2,4,5,5,6,3,2,4,1,1,1,1,5,1,5,1,1,5,1,2,20,23,22,20,25,25,25,25,6,7,1,7,1,7,6,1,1,1,2,2,2,2,1,2,1,2,1,1,2,1,1,6,7,1,7,1,7,7,7,35,2,5,3,4,5,5.2,6,5.83333333333333,4.33333333333333,5.5,4.5,5.375,5.55555555555556,5.5,5.28571428571429,6,7,6.2,7,7,6.8,6.66666666666667,7,1,4,3,1,1,1,1,1,1.625,7,7,7,7,7,6.8,6.33333333333333,5,5,5,5,5,5,5,5,4,4.84615384615385,1,1,2,1,2,7,1
6,6,2,6,2,6,6,6,6,6,5,5,5,5,4,4,5,5,5,5,4,5,5,4,5,4,2,2,5,4,5,2,2,4,2,2,2,2,4,4,2,2,4,4,2,1,23,23,23,23,22,22,22,22,5,3,5,2,6,2,2,6,6,6,1,1,2,2,2,1,1,2,1,2,2,2,2, , , , , , , , ,24,2,5,5,5,5,4.6,5,4.5,5,4.5,5,4.70833333333333,4.77777777777778,5,4.57142857142857,6,6,6, , , ,6, ,4,4,4,4,4,4,4,4,4,3,2,2,2,2,2.5,5.66666666666667,4,4,4,4,2,4,2,4,5,3.61538461538462,2,2,2,1,2,2,0
6,6,2,5,2,5,5,6,5,5,5,5,5,5,5,5,5,5,5,5,5,5,5,5,5,5,2,2,5,5,5,3,2,2,4,2,2,4,2,4,2,4,2,4,4,3,22,22,22,22,23,23,23,23,6,6,1,6,1,6,6,2,1,2,2,2,2,1,1,2,1,2,2,1,1,1,1,4,5,3,4,3,6,6,6,59,2,5,5,4,5,5,5,5,5,5,4.5,4.95833333333333,5,4.875,5,6,6,5.8,5,5,4.6,5.33333333333333,6,3,3,3,3,3,3,3,3,3,7,7,6,7,6,6.3,5,2,4,4,2,2,2,4,2,3,2.69230769230769,1,1,2,1,1,10,1
5,5,5,5,3,4,4,3,4,5,3,4,4,3,5,4,4,5,5,4,5,5,4,4,4,5,5,5,5,5,4,5,4,2,4,4,4,4,4,4,4,4,3,4,4,3,23,24,25,24,21,20,23,22,5,4,5,3,5,5,4,4,4,5,2,1,2,2,1,2,1,1,1,1,2,2,1, , , , , , , , ,32,1,2,2,2,3,4,4.5,4.5,3,4.5,2.5,4.04166666666667,4.22222222222222,3.875,4.07142857142857,3,5,4.6, , , ,3.66666666666667, ,4,5,6,5,5,6,3,4,4.75,3,3,4,4,3,3.8,4,2,2,2,2,2,2,3,2,3,2.61538461538462,2,1,2,2,2,4,0
4,5,7,4,3,5,7,4,6,6,5,5,3,6,5,6,5,5,6,6,6,6,6,6,6,6,2,1,6,6,6,1,3,1,3,1,5,3,5,1,5,1,1,5,1,1,22,22,22,21,22,22,22,22,4,4,4,4,4,4,4,4,4,4,1,2,1,1,2,2,1,1,2,1,1,1,1,7,6,7,6,1,6,7,7,22,2,5,6,6,4,5,5.5,6,5.66666666666667,6,5,5.58333333333333,5.22222222222222,5.5,5.57142857142857,1,5,3.8,1,7,5.4,5.33333333333333,6.66666666666667,3,3,3,2,4,4,4,4,3.375,4,4,4,4,4,4,5.66666666666667,3,5,1,3,5,5,5,5,5,4.07692307692308,1,1,2,2,1,10,1
7,5,5,6,2,7,7,6,7,7,6,4,5,4,4,4,6,6,6,5,5,6,6,6,6,6,1,2,6,6,6,1,2,2,5,4,5,2,4,5,3,1,5,5,5,1,24,25,24,24,23,21,21,22,1,4,7,6,7,1,1,7,7,7,2,2,2,2,1,2,1,2,2,1,1,2,1, , , , , , , , ,36,2,6,5,6,5,4.2,5.75,5.83333333333333,5.66666666666667,6,5.5,5.45833333333333,4.88888888888889,5.5,5.35714285714286,3,6,5.4, , , ,6.66666666666667, ,5,6,5,5,3,5,5,4,4.75,1,1,1,1,1,1.8,6.66666666666667,1,2,1,4,1,5,1,1,5,2.69230769230769,1,1,2,1,1,8,0
4,4,5,5,3,3,5,4,5,5,5,5,5,5,5,4,5,6,5,5,4,5,5,5,4,4,1,1,6,4,5,1,2,3,4,3,2,4,2,5,3,4,5,2,2,2,22,22,22,22,21,21,23,22,5,6,6,6,5,3,3,6,6,6,2,2,1,2,2,1,1,1,2,2,2,2,1, , , , , , , , ,29,2,6,6,6,5,4.8,5.25,4.5,6,4.5,5.5,4.95833333333333,5,5.375,4.78571428571429,3,5,4.2, , , ,4, ,3,3,3,3,5,5,3,4,3.625,2,3,2,2,2,3.4,5,2,3,4,2,1,2,1,4,4,2.53846153846154,1,2,2,2,1,4,0
5,5,2,4,3,6,6,6,7,7,7,6,6,6,4,6,6,6,6,6,5,6,6,6,6,5,1,1,6,6,6,1,1,4,2,1,1,2,5,2,3,2,1,5,1,2,22,22,21,22,23,23,23,23,7,7,1,7,1,6,7,1,1,1,2,1,1,2,1,2,1,2,2,1,1,2,1, , , , , , , , ,52,2,6,6,6,6,5.6,6,5.66666666666667,6,6,6,5.83333333333333,5.77777777777778,6,5.71428571428571,6,5,5, , , ,6, ,3,3,2,3,3,3,3,3,2.875,7,7,7,7,7,6.9,7,4,5,5,4,4,4,5,5,4,4.38461538461539,2,1,2,1,1,8,0
5,5,3,3,3,5,4,6,5,5,6,4,4,5,4,4,5,4,5,4,4,5,3,5,5,5,5,5,5,4,5,4,4,3,4,4,3,3,4,4,3,3,3,3,4,4,24,23,23,24,24,24,23,24,6,6,6,6,6,6,6,6,6,6,1,2,2,1,1,1,2,2,2,2,1,1,1, , , , , , , , ,23,1,2,2,3,3,4.2,4.5,4.5,3,4.5,3,4.125,4.33333333333333,4.25,4,5,5,4.6, , , ,5, ,5,4,4,5,2,2,3,2,3.375,2,2,2,2,2,4,5.33333333333333,2,2,3,3,2,3,3,2,2,2.69230769230769,1,2,1,1,1,10,0
7,6,2,6,1,7,7,7,7,7,7,5,6,4,3,2,6,6,6,5,6,6,6,6,6,6,5,4,6,5,6,5,2,3,3,1,4,4,3,2,3,2,1,5,1,2,20,20,20,20,25,25,25,25,7,7,1,7,1,7,7,1,1,1,1,2,1,1,1,2,1,1,1,2,2,2,2, , , , , , , , ,27,1,2,3,2,5,4,5.75,6,3.66666666666667,5.5,3.5,4.95833333333333,4.77777777777778,5,4.85714285714286,6,7,6.4, , , ,7, ,1,1,1,1,1,1,1,1,1,7,7,7,7,7,7,7,3,5,2,2,4,4,5,5,4,3.69230769230769,1,1,2,2,2,6,0
4,2,6,2,5,3,2,3,6,6,6,6,6,1,1,3,5,6,4,5,5,4,4,4,5,5,2,3,6,4,5,3,3,2,4,1,3,2,3,4,3,4,4,5,3,2,20,20,20,20,25,25,25,25,7,7,2,7,1,7,6,5,5,5,2,2,1,2,2,1,1,2,2,2,2,2,1,3,1,6,2,5,3,4,4,23,1,5,4,4,4,3.4,5,4.5,5,4.5,4,4.375,4.11111111111111,4.375,4.35714285714286,2,3,2.6,2,3,2.2,2.66666666666667,3.66666666666667,1,1,1,1,1,1,1,1,1,6,7,3,3,3,5.6,6,2,5,3,4,2,2,2,3,4,3.07692307692308,1,2,2,1,1,5,1
5,5,3,5,3,4,5,5,5,5,5,4,4,4,4,5,4,4,4,4,5,4,4,4,5,5,5,4,4,4,5,1,4,3,4,3,4,4,2,4,2,4,2,3,4,4,23,23,23,23,22,22,23,22,5,6,2,5,4,5,5,4,2,5,2,2,2,1,1,2,1,1,2,1,1,2,1,6,6,1,4,1,6,6,4,24,2,2,3,6,3,4.2,4,4.5,3,4.5,4.5,4.16666666666667,4.11111111111111,4.125,4.14285714285714,5,5,5,7,7,6,4.66666666666667,5.33333333333333,4,4,4,4,4,4,3,4,3.875,6,4,4,6,3,4.9,5,2,3,2,2,2,2,4,2,2,2.38461538461538,1,1,2,2,1,8,1
4,3,5,3,5,6,5,5,5,5,5,5,5,5,5,5,5,4,5,5,5,5,5,5,5,5,4,3,5,5,5,5,4,4,4,2,2,2,4,4,3,3,3,4,2,4,22,22,22,22,23,23,23,23,6,5,2,5,2,5,5,3,5,2,2,1,2,2,1,2,1,1,2,2,1,1,1,2,2,6,2,5,6,6,6,58,2,3,4,2,3,5,4.75,5,4,5,2.5,4.625,4.88888888888889,4.25,4.78571428571429,3,3,3.2,2,3,2.2,5.33333333333333,6,3,3,3,3,3,3,3,3,3,6,6,5,3,6,5.2,5,2,4,4,4,2,3,3,4,2,3.30769230769231,2,1,2,2,1,6,1
6,6,1,5,1,4,6,4,7,7,7,6,5,6,5,4,6,6,6,6,6,6,6,6,6,6,5,6,5,6,6,6,4,5,1,1,1,1,5,1,5,1,1,5,1,1,20,20,20,20,24,24,24,24,7,7,1,7,1,7,7,1,1,1,2,2,1,1,1,2,2,2,2,1,1,1,1,6,6,2,6,2,4,4,4,49,1,2,1,1,3,5.2,6,6,2.66666666666667,6,2,5.08333333333333,5.55555555555556,4.875,5.07142857142857,7,7,6.2,6,6,6,4.66666666666667,4,1,1,1,1,2,2,2,2,1.5,7,7,7,7,7,7,7,5,5,5,5,5,5,5,5,5,5,1,1,1,1,1,12,1
7,7,5,6,2,5,7,7,7,7,7,6,5,4,4,5,6,6,6,6,4,6,6,4,6,6,1,2,6,5,6,1,1,3,3,4,4,4,2,4,2,1,2,5,1,1,25,25,25,23,20,20,21,20,7,7,1,7,1,7,7,1,1,1,2,2,2,2,1,2,2,2,1,1,1,2,1,3,3,5,4,3,5,7,5,23,2,6,5,6,6,4.8,6,5.33333333333333,5.66666666666667,5.5,6,5.45833333333333,5.33333333333333,5.75,5.28571428571429,3,6,5.8,3,5,3.6,6.33333333333333,5.66666666666667,6,6,6,4,6,6,5,6,5.625,7,7,7,7,7,7,7,3,2,2,2,2,5,4,5,5,3.23076923076923,1,1,1,1,2,8,1
6,6,2,6,2,7,7,7,7,7,7,6,6,3,6,3,5,6,6,6,4,6,5,3,5,6,4,4,6,3,6,4,2,4,3,1,3,3,3,4,4,3,3,5,2,2,20,20,20,20,25,25,24,25,7,7,1,7,1,7,6,7,5,2,2,1,2,2,2,1,1,2,2,1,2,1,2, , , , , , , , ,25,2,3,3,3,5,4.8,5.75,4.83333333333333,4,4.5,4,4.75,5.22222222222222,5,4.64285714285714,6,6,6, , , ,7, ,1,1,1,1,1,1,2,1,1.125,7,7,1,3,6,5.8,7,3,5,3,3,2,3,3,4,4,3.53846153846154,2,2,2,1,1,4,0
4,4,4,4,4,5,5,6,7,7,6,5,5,4,3,4,5,6,6,5,5,6,5,4,5,5,3,4,6,4,6,3,3,3,3,3,2,3,4,3,3,3,3,3,2,3,22,22,22,22,23,23,23,23,7,6,1,7,3,5,4,5,2,2,2,2,2,2,1,1,1,2,1,1,2,2,1,3,3,5,3,5,5,5,7,48,2,4,3,4,4,4.2,5.5,5,4.33333333333333,5,4,4.75,4.77777777777778,5,4.57142857142857,4,4,4,3,3,3,5.33333333333333,5.66666666666667,3,3,3,3,3,3,3,3,3,7,5,3,6,6,5.6,6.66666666666667,3,3,4,3,3,3,3,4,3,3.23076923076923,1,2,2,1,2,5,1
4,5,5,3,5,4,4,4,4,4,3,3,3,3,4,3,4,4,3,4,3,4,4,4,3,4,4,3,4,4,4,4,3,3,2,4,3,4,4,3,2,3,3,3,4,3,23,23,22,23,23,23,22,23,5,4,5,3,4,4,5,4,3,5,2,1,2,2,2,1,1,1,1,1,2,2,1, , , , , , , , ,34,1,3,4,3,4,3.2,3.75,3.66666666666667,3.66666666666667,4,3.5,3.625,3.44444444444444,3.625,3.57142857142857,3,3,3.6, , , ,4, ,4,4,3,4,3,3,4,3,3.5,3,4,4,5,3,4,3.66666666666667,4,2,3,2,3,3,3,2,3,2.84615384615385,2,2,2,2,2,2,0
3,3,3,3,3,6,6,6,7,7,6,5,5,5,4,4,5,5,5,5,4,5,5,4,5,4,3,4,5,4,5,4,3,4,2,2,3,2,4,3,3,2,3,4,2,1,23,23,23,23,22,22,22,22,5,5,2,4,2,5,6,3,2,2,2,2,1,2,1,1,1,2,2,1,2,2,1,2,2,4,3,3,6,6,6,61,2,4,3,3,4,4.6,5,4.5,4,4.5,3.5,4.45833333333333,4.77777777777778,4.625,4.35714285714286,5,5,3.8,4,5,3.2,6,6,4,4,4,4,4,4,4,4,4,6,6,5,6,6,5.4,6.66666666666667,4,4,3,4,3,4,3,4,5,3.76923076923077,1,2,2,1,1,7,1
7,7,7,7,7,6,6,6,7,7,6,5,5,6,5,4,6,5,5,6,5,6,6,6,6,6,2,5,5,5,6,5,2,4,2,1,1,1,5,1,4,2,1,5,1,1,23,23,22,22,23,23,23,23,7,7,1,7,1,7,7,1,1,1,2,2,2,1,2,2,1,1,2,2,1,1,1,6,6,2,6,2,7,6,6,50,1,5,2,2,5,5,5.5,5.83333333333333,4,5.5,3.5,5.125,5.22222222222222,5,5.14285714285714,1,1,4.6,6,6,6,6,6.33333333333333,4,4,3,3,3,3,3,3,3.25,7,7,7,7,7,7,6.66666666666667,4,5,5,5,5,4,5,5,5,4.69230769230769,1,1,2,2,1,7,1
5,4,5,5,2,2,6,4,6,6,5,6,6,4,4,3,6,4,5,6,5,6,3,3,4,6,4,5,4,5,5,4,4,3,1,1,4,5,3,2,3,3,1,4,3,4,24,23,21,24,24,22,23,22,5,6,5,4,5,5,5,5,2,5,2,1,1,1,2,2,2,1,2,1,1,1,2,4,4,5,5,3,6,7,6,26,2,3,2,3,3,4.6,5.25,4.5,3,5,3,4.41666666666667,4.88888888888889,4.375,4.35714285714286,3,6,4.6,3,5,4.2,4,6.33333333333333,5,4,2,5,2,4,3,4,3.625,3,3,3,6,3,4.3,5.66666666666667,5,5,2,1,4,3,5,3,2,3.30769230769231,2,1,1,2,1,8,1
5,7,2,7,2,5,6,7,7,7,7,5,5,4,4,4,6,6,6,5,4,6,6,6,6,6,1,3,5,6,6,1,3,1,4,3,3,3,3,4,2,4,3,3,4,2,24,23,23,25,22,22,22,21,5,5,1,5,1,5,5,5,1,1,2,2,2,2,1,2,1,1,1,1,1,2,1, , , , , , , , ,40,2,6,4,6,4,4.4,5.75,5.66666666666667,5,6,5,5.33333333333333,5,5.25,5.28571428571429,6,6,6.2, , , ,6, ,5,4,4,6,4,4,4,5,4.5,7,7,3,7,7,5.6,7,2,3,3,3,2,2,3,2,4,2.53846153846154,1,1,2,2,2,6,0
1,1,7,1,7,4,5,4,7,7,7,4,4,4,4,4,4,4,4,2,6,6,6,1,3,6,1,1,4,1,6,1,1,2,4,2,4,4,4,4,2,4,4,3,4,4,22,24,23,24,22,22,22,22,3,5,6,5,3,3,4,5,5,5,2,2,2,2,2,1,1,2,2,1,1,2,1,1,1,7,1,7,4,4,3,25,1,6,6,6,6,4,3.5,4.66666666666667,5.33333333333333,3.5,6,4.33333333333333,3.77777777777778,4.25,4.5,1,1,1,1,1,1,4.33333333333333,3.66666666666667,3,5,4,5,4,4,4,4,4.125,2,5,3,3,3,3.6,7,2,4,2,2,2,2,2,2,2,2.38461538461538,1,2,2,1,1,6,1
5,5,2,5,3,5,5,6,5,5,6,5,5,4,5,5,5,5,5,6,4,5,3,4,5,5,2,3,4,4,5,2,3,3,2,2,2,2,4,4,4,4,4,5,3,2,22,22,22,21,23,24,24,23,6,5,1,5,1,5,5,5,2,3,2,2,2,1,1,2,1,2,2,1,2,2,1, , , , , , , , ,22,1,5,4,5,4,4.8,5.25,4.33333333333333,4.33333333333333,4.5,4.5,4.625,5,4.75,4.57142857142857,6,5,5.2, , , ,5.33333333333333, ,3,3,3,2,3,2,2,3,2.625,7,7,3,6,5,5.4,5.33333333333333,4,4,4,4,2,2,2,3,4,3.46153846153846,1,1,2,1,1,8,0
5,7,4,6,3,7,5,7,7,6,6,3,2,4,2,2,4,4,5,4,4,4,4,4,5,3,4,4,5,4,5,5,6,4,4,1,3,4,2,5,3,4,1,3,3,4,21,23,20,21,24,25,23,25,5,4,6,6,4,5,3,5,7,5,2,1,1,2,2,2,1,2,1,2,2,2,2, , , , , , , , ,36,1,3,3,2,1,2.6,4.25,4,3.66666666666667,4.5,1.5,3.58333333333333,3.33333333333333,3.625,3.42857142857143,4,5,5.4, , , ,6.33333333333333, ,2,4,1,2,2,1,3,1,2,2,4,3,1,3,3.6,6.33333333333333,2,5,3,2,1,2,5,3,2,2.84615384615385,2,1,2,1,2,3,0
5,6,6,5,5,4,5,5,5,6,4,6,6,1,6,6,6,6,4,6,4,5,6,4,4,4,1,1,3,4,5,1,1,4,3,4,4,2,3,4,3,4,3,4,4,3,22,23,22,21,23,23,23,23,5,5,3,5,5,6,4,4,5,5,2,2,2,2,1,2,1,2,2,1,2,2,2,5,5,4,4,5,5,5,4,22,1,6,6,6,6,5,5.5,4.5,5,4.5,6,4.95833333333333,5.22222222222222,4.75,5.14285714285714,2,3,4.2,4,3,4.2,4.66666666666667,4.66666666666667,3,4,3,2,3,3,3,3,3,5,3,4,3,3,4.3,5,3,2,2,4,2,2,3,2,3,2.84615384615385,1,1,2,1,1,6,1
5,4,4,4,2,5,5,1,5,5,5,5,5,5,5,5,5,5,5,5,5,5,4,4,4,5,4,5,5,5,5,4,5,3,4,3,4,4,4,3,3,4,3,4,4,3,25,24,23,24,24,24,25,24,6,5,2,5,2,5,6,3,2,2,2,2,1,2,1,2,1,2,1,2,2,1,2,7,2,2,7,1,7,7,7,63,2,3,2,3,2,5,5,4.5,3.33333333333333,5,2.5,4.45833333333333,5,4.375,4.42857142857143,4,6,4.6,6,7,5.8,3.66666666666667,7,6,5,4,5,2,2,1,2,3.375,6,6,5,6,6,5.6,5,2,3,2,2,3,2,3,2,3,2.76923076923077,1,1,2,1,2,6,1
7,7,1,7,1,7,7,7,7,7,7,6,6,6,6,6,6,6,6,6,6,6,6,6,6,6,2,4,6,6,6,1,2,5,2,1,1,2,4,1,5,1,1,5,1,1,24,22,22,22,24,25,24,25,7,7,1,7,1,7,7,1,1,1,1,2,2,2,1,2,1,2,1,1,1,1,1,7,7,1,7,1,7,7,7,42,2,5,3,6,5,6,6,6,4.66666666666667,6,5.5,5.79166666666667,6,5.875,5.71428571428571,7,7,7,7,7,7,7,7,5,3,3,3,2,1,2,1,2.5,7,7,7,7,7,7,7,4,5,5,4,5,5,5,5,5,4.76923076923077,1,1,2,1,2,9,1
7,6,3,6,3,7,7,7,7,7,7,6,6,5,5,6,6,6,5,6,5,6,5,5,5,6,2,4,6,5,6,2,3,5,2,2,3,3,5,2,4,2,3,5,2,3,23,24,23,22,24,24,24,23,6,6,2,7,2,6,6,3,3,3,2,2,2,2,2,1,1,1,1,1,1,2,2, , , , , , , , ,28,2,5,3,5,4,5.6,5.75,5.33333333333333,4.66666666666667,5.5,4.5,5.33333333333333,5.66666666666667,5.375,5.28571428571429,5,5,5.8, , , ,7, ,4,5,4,3,2,2,2,3,3.125,6,6,5,5,5,5.8,7,4,4,3,3,4,4,3,4,3,3.92307692307692,1,2,2,2,2,3,0
4,4,3,4,3,5,6,5,7,7,6,4,5,5,5,4,4,4,5,5,5,5,6,5,5,5,4,5,5,4,5,3,4,4,1,2,1,1,5,2,3,1,1,4,1,1,24,24,24,23,21,22,21,21,6,6,1,7,1,6,6,2,2,2,2,2,2,1,1,1,1,1,2,1,1,1,1, , , , , , , , ,41,2,3,2,4,3,4.6,4.5,5.16666666666667,3.33333333333333,4.5,3.5,4.45833333333333,4.55555555555556,4.375,4.5,5,5,4.4, , , ,5.33333333333333, ,5,5,5,4,5,4,5,5,4.75,7,7,6,6,6,6.3,6.66666666666667,5,4,5,5,4,5,5,5,5,4.53846153846154,1,2,2,2,1,8,0
3,4,5,3,4,6,6,6,6,6,6,5,5,5,5,5,5,5,5,6,5,5,5,5,5,5,5,4,5,5,5,5,4,3,3,2,2,2,4,4,3,2,2,4,3,2,23,23,23,23,24,24,25,24,6,5,2,6,2,6,6,4,5,3,2,1,2,1,1,2,1,2,1,1,1,1,2, , , , , , , , ,25,2,2,3,2,3,5,5.25,5,3.33333333333333,5,2.5,4.625,5.11111111111111,4.5,4.64285714285714,3,4,3.4, , , ,6, ,4,4,4,4,2,2,1,2,2.875,6,6,4,3,5,5.3,6,3,4,4,4,2,4,4,3,4,3.53846153846154,2,1,2,1,2,7,0
6,5,5,4,4,6,7,6,6,6,6,6,6,6,6,6,6,6,6,6,6,6,6,6,6,6,1,1,6,6,6,1,1,5,1,1,1,1,5,3,5,1,1,5,1,1,22,22,22,22,23,23,23,23,7,7,1,7,1,7,7,4,2,1,2,2,2,2,1,2,1,2,2,2,1,1,1, , , , , , , , ,33,2,6,6,6,6,6,6,6,6,6,6,6,6,6,6,3,4,4.4, , , ,6.33333333333333, ,3,3,3,3,3,3,3,3,3,7,7,4,6,7,6.6,6,5,5,5,5,3,5,5,5,5,4.84615384615385,1,1,2,1,1,8,0
6,6,4,6,2,4,5,6,5,5,5,5,5,5,5,5,5,5,5,5,5,5,5,5,5,5,5,5,5,5,5,4,3,3,3,4,2,3,4,5,3,3,2,4,2,3,22,22,24,22,24,23,23,24,2,2,7,6,7,4,2,7,7,7,2,2,2,1,1,2,1,1,1,2,1,1,1,6,6,4,6,2,5,7,6,48,1,2,2,3,4,5,5,5,3,5,3.5,4.625,5,4.625,4.57142857142857,4,6,5.6,4,6,5.6,5,6,3,3,5,3,2,3,3,2,3,1,1,1,1,1,2.1,5,3,2,4,3,1,3,4,4,3,3.15384615384615,1,1,2,2,2,7,1
6,5,5,7,1,7,7,6,7,7,5,6,4,5,4,5,4,1,2,5,5,6,2,4,5,2,2,2,6,4,6,1,6,5,1,1,1,1,5,1,5,1,1,5,1,1,20,22,25,25,25,20,20,20,7,7,1,7,1,7,7,1,1,1,2,2,1,2,2,1,2,2,1,1,1,1,1, , , , , , , , ,26,1,5,5,6,1,4.8,3,4,5.33333333333333,5,3.5,4.29166666666667,4,3.75,4.5,3,7,5.6, , , ,6.66666666666667, ,1,3,6,6,1,6,6,6,4.375,7,7,7,7,7,7,6.33333333333333,5,5,5,5,5,5,5,5,5,5,1,2,1,1,2,8,0
5,5,1,7,3,4,6,6,6,5,4,4,4,5,4,2,3,5,6,4,2,5,3,5,5,3,4,3,5,4,3,4,3,3,3,2,3,4,2,3,4,3,1,3,3,4,24,23,22,24,22,22,22,21,6,5,2,3,3,6,3,2,4,3,1,2,1,2,2,2,2,2,2,2,2,1,2, , , , , , , , ,21,1,3,4,3,4,3.8,4.5,3.83333333333333,4,3.5,3.5,3.875,4.11111111111111,4.375,3.64285714285714,7,5,5.8, , , ,5.33333333333333, ,5,4,3,5,4,4,4,5,4.25,6,5,6,4,5,4.9,5,3,4,3,2,3,3,5,3,2,3.07692307692308,1,1,1,1,1,8,0
6,7,1,7,1,6,4,6,6,6,6,5,5,5,5,4,5,6,5,6,5,5,5,5,5,6,4,4,6,5,5,4,2,3,5,2,3,4,3,3,3,1,3,4,1,1,23,23,22,21,22,23,24,23,6,6,4,6,1,4,3,1,3,5,2,1,2,2,2,1,1,2,1,1,2,1,2,6,6,1,6,1,5,5,6,46,2,3,3,3,5,4.8,5.5,5.16666666666667,4,5,4,4.875,5.11111111111111,5.125,4.71428571428571,7,7,6.8,7,7,6.4,5.33333333333333,5.33333333333333,4,4,3,2,4,3,2,3,3.125,4,7,7,5,3,5.1,6,1,4,3,2,3,5,3,5,5,3.38461538461538,2,2,2,1,2,3,1
3,6,3,3,4,2,4,4,5,3,2,3,1,2,2,3,4,5,2,5,4,5,5,2,5,4,3,2,3,5,3,4,4,1,5,4,2,2,3,4,2,4,2,2,4,4,22,20,20,23,22,22,22,22,5,3,4,3,4,4,5,2,1,2,1,1,1,1,1,1,2,2,2,2,1,2,1,4,2,3,5,3,4,3,6,24,2,4,5,3,3,2.2,4,4.16666666666667,4,4,3,3.58333333333333,3,3.375,3.64285714285714,5,4,4.2,5,5,4.2,3.33333333333333,4.33333333333333,3,1,1,4,4,4,4,4,3.125,4,4,6,7,6,4.7,3.33333333333333,1,2,4,4,2,2,4,2,2,2.38461538461538,2,2,1,1,1,9,1
3,6,1,5,3,5,5,5,7,7,7,4,4,4,4,2,4,4,4,4,4,4,5,4,4,4,1,1,6,4,5,1,2,5,1,1,1,1,5,1,4,2,1,5,1,1,24,24,24,24,21,21,21,21,7,7,1,7,1,7,7,1,1,1,1,1,1,2,2,2,2,1,2,1,1,1,1,3,3,3,3,5,3,3,3,60,1,6,6,6,5,3.6,4,4.16666666666667,6,4.5,5.5,4.41666666666667,3.77777777777778,4.625,4.28571428571429,7,5,5.2,5,3,3.4,5,3,5,5,5,5,5,5,5,5,5,7,7,7,7,7,7,7,5,5,5,5,5,4,5,5,5,4.84615384615385,2,1,1,2,1,9,1
6,6,2,6,2,4,7,6,7,7,7,5,6,6,5,5,6,5,5,5,3,6,3,5,5,5,2,2,5,5,5,2,3,4,2,1,4,4,3,3,3,1,2,4,1,2,21,21,21,21,24,24,24,24,6,6,2,6,2,6,6,2,2,2,2,2,2,2,1,2,1,2,2,1,1,2,1, , , , , , , , ,47,1,5,5,5,4,5.4,5.25,4.5,5,5,4.5,4.95833333333333,5.33333333333333,5.125,4.85714285714286,6,6,6, , , ,5.66666666666667, ,2,2,2,2,2,2,2,2,2,6,6,6,6,6,6,7,4,5,2,2,3,5,4,5,4,3.69230769230769,1,1,2,1,1,8,0
3,5,2,6,1,7,7,7,7,7,7,6,6,5,5,6,6,5,6,6,5,6,6,6,6,5,1,2,6,5,6,1,5,2,4,4,4,4,2,4,4,4,2,5,2,2,22,23,22,23,23,23,23,23,7,7,4,7,1,6,6,6,2,1,2,1,1,2,1,1,1,1,1,1,2,1,1,7,6,2,7,2,7,7,7,53,2,6,5,6,2,5.6,5.75,5.66666666666667,5.66666666666667,5.5,4,5.5,5.66666666666667,5.25,5.64285714285714,6,7,5.4,6,6,6.4,7,7,3,4,3,4,3,3,3,3,3.25,4,7,2,6,7,5.9,7,2,2,2,2,2,2,4,4,4,2.84615384615385,2,2,2,2,2,5,1
5,5,3,5,3,6,6,6,5,5,5,6,5,5,5,5,5,5,5,6,5,6,5,6,5,5,1,5,5,5,6,2,4,4,1,1,1,3,2,2,1,4,1,4,4,3,23,24,22,21,23,23,23,22,6,6,1,6,1,6,6,1,1,1,1,2,2,1,1,1,1,2,1,1,1,1,1, , , , , , , , ,65,1,6,2,5,3,5.2,5.25,5.33333333333333,4.33333333333333,5.5,4,5.08333333333333,5.22222222222222,4.875,5.14285714285714,5,5,5, , , ,6, ,4,5,3,2,3,3,3,4,3.375,7,7,7,7,7,6.5,5,5,5,5,3,4,2,5,2,3,3.46153846153846,1,2,2,1,2,9,0
5,6,5,5,7,6,7,5,6,7,6,6,5,5,6,5,6,5,3,5,4,6,5,6,5,5,5,5,4,5,4,5,5,4,4,4,4,4,5,5,4,3,5,3,4,4,25,24,24,25,24,23,23,23,5,7,7,5,7,6,6,7,6,6,2,2,1,1,1,1,2,2,1,2,2,2,1,5,5,5,4,6,4,7,6,24,1,2,2,2,2,5.4,4.75,5.16666666666667,2.66666666666667,4.5,2,4.45833333333333,5.11111111111111,4,4.71428571428571,3,1,4,3,2,3.8,6,5.66666666666667,6,5,5,6,2,3,3,3,4.125,1,1,1,2,2,3.6,6.33333333333333,2,2,2,2,1,3,1,2,2,2.53846153846154,1,2,1,1,2,7,1
4,5,4,6,5,5,4,4,4,4,6,3,3,3,3,3,4,4,4,3,4,4,4,4,3,4,4,3,3,3,3,4,2,3,3,1,4,4,3,4,3,4,1,3,3,3,23,23,24,22,24,21,23,24,5,6,4,6,4,5,5,3,4,4,2,2,2,1,1,2,1,2,1,1,2,1,2, , , , , , , , ,54,2,3,4,3,5,3,3.75,3.83333333333333,3.33333333333333,3,4,3.45833333333333,3.33333333333333,3.625,3.42857142857143,4,3,4.4, , , ,4.33333333333333, ,4,4,5,3,2,5,3,2,3.5,4,4,5,4,4,4.8,4.66666666666667,3,5,2,2,2,2,5,3,3,3,1,1,2,1,2,7,0
5,4,3,5,3,4,4,5,6,6,6,5,5,5,5,5,5,4,5,5,5,5,5,5,5,5,3,3,5,5,5,5,2,2,4,4,4,4,3,4,2,4,2,4,2,2,23,23,23,23,22,23,23,23,6,6,2,6,2,6,6,2,2,2,2,1,2,2,2,1,1,2,1,1,2,2,2,3,5,2,5,3,5,5,5,47,1,4,4,2,5,5,4.75,5,4.33333333333333,5,3.5,4.75,4.88888888888889,4.5,4.85714285714286,5,5,4.8,6,5,4.8,4.33333333333333,5,4,4,4,4,4,3,3,3,3.625,6,6,6,6,6,6,6,2,2,2,2,2,2,4,4,4,2.69230769230769,2,2,2,1,2,2,1
3,3,4,5,4,6,6,6,6,6,6,6,6,6,6,6,6,6,6,6,6,6,6,6,6,6,3,4,6,6,6,4,3,3,3,3,2,3,3,4,3,3,3,3,3,1,20,20,20,20,25,25,25,25,6,7,1,7,1,6,7,5,1,1,1,1,2,2,2,2,1,1,1,2,2,2,2, , , , , , , , ,23,1,4,3,3,4,6,6,6,4.33333333333333,6,3.5,5.58333333333333,6,5.375,5.64285714285714,4,4,3.8, , , ,6, ,1,1,1,1,1,1,1,1,1,7,7,3,7,7,6.4,6,3,3,4,3,2,3,3,3,5,3.15384615384615,2,1,2,2,2,2,0
7,4,5,5,2,5,6,6,6,6,6,5,5,5,4,3,5,5,5,6,5,5,5,5,5,4,2,1,5,5,5,1,2,3,3,3,3,3,4,4,3,4,1,4,4,3,23,23,23,23,23,23,24,22,6,6,1,6,2,6,6,6,3,4,2,2,2,2,1,2,1,1,2,1,2,2,1,6,5,6,5,3,6,6,6,28,1,5,6,6,5,4.4,5.25,4.83333333333333,5.33333333333333,5,5.5,4.95833333333333,4.77777777777778,5.25,4.78571428571429,3,6,5,2,5,4.6,5.66666666666667,6,4,4,4,4,3,3,2,4,3.5,7,6,2,5,4,5.4,6,3,3,3,3,2,2,5,2,3,3.07692307692308,1,1,2,2,1,6,1
5,5,4,5,2,4,4,5,4,4,4,3,4,3,3,3,4,4,4,4,4,4,3,3,4,4,3,3,4,3,3,3,4,3,3,3,3,3,3,3,3,3,3,3,3,3,22,22,23,22,22,23,23,23,4,4,4,4,4,4,4,4,4,4,2,2,1,1,2,2,1,1,2,1,2,2,1,7,7,1,7,1,1,7,7,24,2,4,4,4,3,3.2,4,3.66666666666667,4,3,3.5,3.54166666666667,3.55555555555556,3.75,3.5,4,6,5,7,7,7,4.33333333333333,5,3,3,4,3,4,3,3,3,3.25,4,4,4,4,4,4,4,3,3,3,3,3,3,3,3,3,3,1,1,2,2,1,7,1
6,5,2,5,2,7,7,7,7,7,7,6,6,6,6,5,6,6,5,6,5,6,6,4,5,6,3,4,5,5,6,3,4,4,2,1,1,3,4,3,2,2,2,5,1,2,24,24,24,24,21,21,21,21,6,7,1,6,5,3,3,5,1,1,2,2,2,1,1,2,1,2,2,1,1,2,1,5,3,2,4,3,6,6,7,56,1,4,3,4,3,5.8,5.75,5.33333333333333,4,5.5,3.5,5.20833333333333,5.77777777777778,5.125,5.21428571428571,6,6,5.6,6,5,4.6,7,6.33333333333333,5,5,5,5,5,5,5,5,5,7,3,3,7,7,5.2,7,4,5,5,3,3,4,4,5,4,4,1,1,2,1,1,9,1
6,5,5,6,2,7,7,7,7,7,7,6,6,6,6,6,6,6,6,6,6,6,6,6,6,6,1,1,6,6,6,1,1,1,5,1,3,5,2,5,1,1,1,5,3,2,20,21,20,20,24,25,25,24,7,7,1,7,1,7,6,7,1,1,2,1,2,1,1,2,2,2,2,1,1,2,1,6,2,5,5,4,7,7,7,43,2,6,6,6,6,6,6,6,6,6,6,6,6,6,6,3,6,5.2,3,4,4,7,7,1,2,1,1,2,1,1,2,1.375,7,7,1,7,7,6.3,7,1,5,3,1,1,5,5,3,4,2.84615384615385,2,1,1,1,1,9,1
4,5,4,6,5,3,5,3,7,7,7,5,6,4,4,4,4,5,4,3,4,5,4,3,5,4,5,3,3,4,5,3,3,4,2,3,2,4,4,3,4,2,4,3,3,3,22,22,23,23,22,24,24,22,4,4,5,4,5,4,6,6,3,5,2,2,2,1,1,2,1,2,2,1,1,1,2,4,4,4,4,4,4,4,4,27,2,2,4,4,4,4.6,4,4.16666666666667,3,4.5,4,4.125,4.33333333333333,3.875,4.21428571428571,4,3,4.4,4,4,4,3.66666666666667,4,3,3,4,4,4,2,2,4,3.25,3,3,2,5,3,3.8,7,4,3,4,2,3,4,2,3,3,3.30769230769231,1,1,2,1,1,9,1
5,4,5,4,4,3,4,5,7,3,4,2,3,5,3,6,5,4,3,4,2,2,5,5,5,4,4,4,3,4,4,2,5,4,3,3,4,2,4,4,3,5,4,4,5,2,22,23,24,23,23,23,21,24,5,6,5,5,3,4,6,3,4,5,2,1,1,1,2,2,1,1,1,2,2,2,1,5,4,6,5,3,5,2,6,19,1,3,3,5,2,3.8,4,3.83333333333333,3,4,3.5,3.75,3.88888888888889,3.875,3.64285714285714,3,4,4,2,5,4.2,4,4.33333333333333,3,4,5,4,3,3,5,2,3.625,3,5,5,4,3,4.6,4.66666666666667,3,3,2,4,2,1,2,1,4,2.84615384615385,2,1,2,2,2,4,1
6,6,2,6,1,6,6,6,7,7,7,4,4,5,2,3,5,5,6,4,5,5,5,3,5,6,3,5,5,4,6,4,4,3,3,1,2,2,2,4,5,3,1,5,2,2,21,21,21,21,24,24,24,24,6,6,2,6,2,5,6,5,3,4,2,2,2,1,1,2,2,2,2,1,1,2,2,6,7,1,6,2,7,7,7,41,2,4,2,3,3,3.6,5,4.83333333333333,3.66666666666667,5,3,4.33333333333333,4.22222222222222,4.5,4.14285714285714,6,7,6.2,7,6,6.4,6,7,2,2,2,2,2,2,2,2,2,6,6,3,5,4,5.3,7,3,5,4,4,2,3,5,4,4,3.76923076923077,1,1,1,1,1,9,1
6,7,2,7,3,1,6,3,7,7,7,6,5,5,6,6,5,6,2,6,6,6,2,6,6,3,6,6,5,6,6,5,5,2,4,3,4,5,2,5,2,5,5,5,5,4,24,24,25,24,23,24,25,25,6,6,6,6,6,5,6,6,6,5,2,2,2,2,1,2,1,1,2,1,1,2,1, , , , , , , , ,66,1,1,1,2,2,5.6,4.75,4.83333333333333,2.33333333333333,6,2,4.625,5.22222222222222,4.125,4.71428571428571,6,5,6.2, , , ,3.33333333333333, ,5,5,6,5,3,2,1,1,3.5,2,2,2,2,3,4,7,2,3,2,1,1,1,1,1,2,1.92307692307692,1,1,2,2,1,7,0
6,3,3,4,4,5,5,5,5,5,5,4,4,4,4,4,5,4,4,4,4,5,5,5,4,4,2,2,4,4,5,2,2,3,3,2,1,2,4,4,3,1,2,4,2,2,21,21,21,21,24,24,24,24,5,6,2,6,3,5,4,6,3,4,1,2,1,2,2,1,2,2,2,1,1,1,1, , , , , , , , ,34,2,5,5,5,5,4,4.25,4.5,4.66666666666667,4.5,5,4.41666666666667,4.11111111111111,4.375,4.42857142857143,5,4,4.4, , , ,5, ,2,2,2,2,2,2,2,2,2,6,5,2,5,4,4.8,5,3,4,5,4,2,5,4,4,4,3.76923076923077,1,2,1,1,1,10,0
5,5,3,5,3,7,7,7,6,6,6,6,6,6,6,1,6,6,6,6,5,6,6,5,6,6,4,4,6,6,6,5,2,4,1,1,4,4,2,5,3,2,1,5,4,1,20,23,20,20,25,24,25,23,7,7,1,7,1,7,7,1,1,5,2,2,2,1,2,2,1,2,1,1,1,2,1,6,4,1,5,4,7,7,7,39,1,3,3,2,5,5,6,5.66666666666667,4,6,3.5,5.25,5.44444444444444,5.375,5.07142857142857,5,5,5,7,4,5.2,7,7,1,4,1,1,1,2,1,3,1.75,7,7,7,7,3,6.6,6,5,5,2,2,1,4,5,2,5,3.46153846153846,1,1,2,1,2,7,1
6,6,2,6,2,4,6,4,7,7,7,5,5,5,5,5,5,5,5,5,5,5,5,5,5,5,2,5,5,5,5,4,2,4,2,1,1,4,4,2,4,1,1,4,1,2,23,23,21,23,21,21,21,21,6,6,1,6,1,6,6,2,1,2,2,2,2,2,1,1,1,2,2,1,2,1,1,5,5,2,5,2,5,5,5,36,2,5,2,3,5,5,5,5,4,5,4,4.79166666666667,5,4.75,4.78571428571429,6,6,6,6,6,5.4,4.66666666666667,5,4,4,2,4,5,5,5,5,4.25,7,7,6,7,6,6.3,7,4,5,5,2,4,5,5,5,4,4.23076923076923,1,2,2,1,1,7,1
6,6,4,6,2,6,6,7,6,6,6,6,6,6,5,5,5,5,6,6,5,5,4,5,5,5,2,4,5,4,5,5,3,3,3,3,2,3,4,4,2,3,3,3,3,2,22,22,22,22,23,24,23,23,6,6,2,6,2,6,6,4,4,3,2,2,2,2,1,2,1,2,2,1,1,2,1, , , , , , , , ,30,2,5,3,2,4,5.6,5.5,4.83333333333333,4.33333333333333,4.5,3,4.83333333333333,5.55555555555556,4.875,4.85714285714286,4,6,5.6, , , ,6.33333333333333, ,3,3,3,3,3,2,3,3,2.875,6,6,4,4,5,5.5,6,3,3,4,3,2,3,3,3,4,3.07692307692308,1,1,2,1,1,8,0
7,7,7,7,1,7,7,7,7,7,7,6,6,6,6,6,6,6,6,6,6,6,6,6,6,6,5,6,6,6,6,6,6,5,1,1,1,2,5,5,1,4,1,5,1,1,20,22,25,20,25,25,25,25,7,7,1,7,1,7,7,7,1,1,2,1,1,1,1,2,2,2,2,2,1,1,1,7,7,7,7,1,7,7,7,28,2,2,1,1,1,6,6,6,3,6,1,5.20833333333333,6,4.75,5.35714285714286,1,7,5.8,1,7,5.8,7,7,1,3,6,1,1,1,1,1,1.875,7,7,1,7,7,6.4,7,5,5,5,4,1,2,5,5,5,4.07692307692308,2,1,1,1,1,10,1
7,7,5,3,4,5,7,5,7,7,7,6,5,6,6,5,5,5,5,6,5,5,5,5,5,5,4,4,5,4,6,4,3,3,2,1,1,3,5,3,3,1,2,4,1,1,22,20,21,21,25,25,25,25,7,7,1,7,1,7,7,1,1,1,2,2,1,1,1,2,1,2,2,1,1,1,1,5,6,4,4,3,7,7,7,33,1,3,3,3,4,5.6,5.25,5,3.66666666666667,5,3.5,4.875,5.44444444444444,4.875,4.85714285714286,3,4,4.8,4,5,4.8,5.66666666666667,7,3,1,2,2,1,1,1,1,1.5,7,7,7,7,7,7,7,4,5,5,3,3,5,4,5,5,4.15384615384615,1,1,2,1,1,11,1
6,6,2,6,2,6,6,6,6,6,6,5,5,5,5,5,5,5,5,5,5,5,5,6,5,5,5,5,5,5,5,3,4,4,2,1,1,1,4,2,3,1,2,5,2,2,22,23,22,22,23,23,23,23,6,6,1,6,2,6,6,3,2,2,2,1,1,1,1,2,1,2,1,1,1,1,1,6,6,1,6,1,6,7,6,45,2,2,2,4,3,5,5,5.16666666666667,3,5,3.5,4.66666666666667,5,4.625,4.64285714285714,6,6,6,7,7,6.4,6,6.33333333333333,3,4,3,3,3,3,3,3,3.125,7,6,5,6,6,6,6,4,5,5,5,4,5,4,4,4,4.30769230769231,2,1,2,1,2,9,1
6,3,5,4,5,4,6,3,4,6,6,5,3,4,3,3,5,3,6,6,3,4,3,4,6,2,6,6,5,6,2,4,4,2,4,3,4,5,3,3,4,2,4,5,2,3,25,22,21,25,23,24,25,25,6,4,2,5,5,3,3,5,7,5,2,2,1,1,1,1,2,2,2,2,1,1,1,5,5,4,2,6,5,7,3,24,1,1,1,3,3,3.6,5,3.66666666666667,2.33333333333333,4,3,3.70833333333333,4.22222222222222,4.375,3.28571428571429,3,3,3.8,4,2,3.6,4.33333333333333,5,6,3,2,6,3,2,1,1,3,6,3,3,1,3,3.7,5.33333333333333,2,3,2,1,3,4,2,4,3,2.92307692307692,1,2,1,1,1,10,1
6,7,7,6,6,7,6,6,6,6,7,6,6,6,5,6,5,5,5,6,5,5,4,4,6,5,5,5,5,5,5,6,5,2,4,1,3,3,4,4,3,4,2,4,3,5,22,21,22,21,24,24,24,24,6,6,1,6,1,7,6,2,1,1,2,1,2,2,2,2,1,2,1,1,1,1,1, , , , , , , , ,30,1,2,2,1,2,5.8,5.25,4.83333333333333,3,5,1.5,4.625,5.55555555555556,4.375,4.71428571428571,1,2,4.4, , , ,6.33333333333333, ,3,2,3,2,2,2,2,2,2.25,7,7,6,7,7,6.5,6.33333333333333,2,5,3,3,2,2,4,3,1,2.92307692307692,2,1,2,1,2,6,0
6,4,4,5,3,7,7,6,7,7,7,6,6,5,4,4,6,6,6,6,6,6,5,6,5,6,1,2,5,5,6,1,2,3,2,3,5,4,4,1,3,2,1,5,3,4,22,22,22,22,23,23,23,23,6,6,4,6,3,6,4,2,4,4,2,2,2,1,1,2,1,2,2,1,1,2,1,4,4,2,4,3,5,6,6,33,1,6,5,6,5,5,6,5.66666666666667,5.33333333333333,5.5,5.5,5.5,5.44444444444444,5.625,5.42857142857143,4,5,4.8,6,5,4.6,6.66666666666667,5.66666666666667,3,3,3,3,3,3,3,3,3,4,5,6,4,4,5.1,7,4,3,1,2,5,4,5,3,2,3.38461538461538,1,1,2,1,1,9,1
5,4,3,2,3,5,6,6,6,6,6,5,5,5,5,5,5,5,5,5,5,5,4,2,5,5,1,1,5,5,5,1,1,5,1,1,3,1,4,1,5,2,2,4,2,2,22,22,23,23,23,22,22,22,6,6,2,6,5,5,3,2,4,2,2,2,2,1,1,2,2,1,2,1,1,2,1, , , , , , , , ,29,1,6,6,6,6,5,5,4.33333333333333,5.66666666666667,5,6,5,5,5.25,4.85714285714286,5,5,4.2, , , ,5.66666666666667, ,3,3,4,4,3,4,4,4,3.625,6,3,6,4,6,5.1,6,5,5,3,5,5,4,4,4,4,4.38461538461539,1,1,1,2,1,9,0
7,7,1,7,3,7,7,7,7,7,7,6,6,6,6,6,6,6,6,6,6,6,4,4,6,6,3,6,6,6,6,6,1,3,2,1,3,2,2,2,1,1,1,5,2,1,20,20,20,20,25,25,25,25,7,7,3,7,1,7,6,2,1,1,2,2,2,1,1,2,2,2,2,1,1,2,1, , , , , , , , ,20,1,4,1,1,6,6,6,5.33333333333333,3.66666666666667,6,3.5,5.33333333333333,6,5.375,5.21428571428571,7,5,6.6, , , ,7, ,1,1,1,1,1,1,1,1,1,5,7,6,7,7,6.6,7,4,5,3,4,4,5,5,4,5,3.84615384615385,1,1,1,1,1,10,0
3,4,5,3,3,7,7,7,7,7,7,6,6,6,6,6,6,6,6,6,6,6,3,6,6,6,4,3,6,6,6,6,1,5,1,1,1,3,3,1,1,1,1,5,1,1,20,20,20,20,25,25,25,25,7,7,1,7,1,7,1,1,1,1,2,2,2,2,2,2,1,2,2,1,1,2,2, , , , , , , , ,43,2,3,4,1,6,6,6,5.5,4.33333333333333,6,3.5,5.45833333333333,6,5.375,5.42857142857143,3,5,3.6, , , ,7, ,1,1,1,1,1,1,1,1,1,7,7,7,7,7,6.4,7,5,5,5,3,5,5,5,5,5,4.38461538461539,1,1,2,1,1,6,0
6,7,2,6,3,6,7,7,6,7,6,5,5,5,5,5,6,5,5,6,4,5,5,5,5,6,3,3,6,6,5,3,2,3,3,2,1,3,4,2,3,3,3,4,4,1,25,24,24,24,22,21,22,22,7,7,2,6,2,6,5,2,2,3,2,2,2,2,1,2,1,2,2,1,1,2,1,5,5,4,5,3,6,7,6,28,2,4,4,4,5,5,5.5,5,4.66666666666667,5.5,4.5,5.08333333333333,5.22222222222222,5.25,4.92857142857143,6,5,6,4,5,4.8,6.66666666666667,6.33333333333333,6,5,5,5,4,5,4,4,4.75,6,6,6,6,5,6,6.33333333333333,3,4,5,3,4,3,3,2,5,3.53846153846154,1,1,2,1,1,8,1
5,6,3,6,3,5,4,6,6,5,4,5,4,5,5,5,5,4,4,5,4,5,4,5,3,4,3,4,5,3,5,4,2,2,4,2,3,4,4,4,2,3,2,4,3,3,21,22,21,21,24,24,24,23,5,5,2,5,6,5,6,2,1,2,1,2,1,1,2,1,2,2,1,2,2,2,1,5,5,3,4,2,5,5,4,30,1,4,3,3,5,4.8,4.5,4.16666666666667,4,4,4,4.29166666666667,4.66666666666667,4.5,4.21428571428571,5,5,5.4,5,6,5,5,4.66666666666667,2,3,2,2,2,2,2,3,2.25,6,2,6,7,6,5.3,5,2,4,3,2,2,3,4,3,3,2.92307692307692,1,2,1,1,2,7,1
6,5,5,5,4,5,4,5,6,5,4,5,4,4,3,5,5,3,3,5,3,3,4,4,4,6,5,4,5,4,4,5,4,5,3,4,3,4,3,4,4,3,3,4,4,4,23,22,23,23,24,23,23,24,5,6,5,5,6,4,3,5,5,4,2,1,1,1,2,2,2,1,2,1,2,2,2,5,4,3,4,4,4,5,4,25,1,2,3,2,3,4.2,4,4,3.33333333333333,4,2.5,3.83333333333333,4.11111111111111,3.75,3.85714285714286,3,4,4.6,5,4,4.4,4.66666666666667,4.33333333333333,4,3,4,4,2,3,3,2,3.125,3,2,3,3,4,3.8,5,3,2,3,2,2,3,3,2,2,2.92307692307692,2,1,1,2,1,6,1
7,7,2,7,1,7,7,7,7,7,6,6,6,5,4,5,6,6,6,6,3,6,5,6,5,6,2,4,5,2,5,1,3,4,3,2,3,4,3,4,3,4,1,5,1,1,21,24,20,20,23,24,25,25,7,6,4,5,2,7,5,4,2,1,2,2,1,1,1,1,2,2,2,1,1,2,2,6,6,1,6,1,6,7,6,27,1,5,3,6,4,5.2,6,5.16666666666667,4.33333333333333,3.5,5,4.91666666666667,5.55555555555556,5.5,4.78571428571429,6,7,6.8,7,7,6.4,7,6.33333333333333,2,5,1,1,3,2,1,1,2,4,6,4,6,7,5.7,6.66666666666667,3,4,3,2,2,2,5,5,5,3.53846153846154,1,2,1,1,1,9,1
5,5,4,5,6,5,4,5,5,6,6,6,6,4,5,2,5,4,4,4,3,5,4,4,5,4,3,4,6,5,4,4,3,3,4,1,3,4,4,3,2,4,3,3,3,3,23,23,23,24,25,24,24,23,5,6,5,5,5,4,6,6,4,5,2,1,1,2,2,1,2,2,1,2,1,1,1,7,6,5,5,3,5,4,4,27,1,4,3,3,4,4.6,4.25,4.16666666666667,4.33333333333333,4.5,3.5,4.29166666666667,4.44444444444444,4.25,4.28571428571429,4,2,4.2,3,5,5.2,4.66666666666667,4.33333333333333,4,4,4,5,1,2,2,3,3.125,3,3,2,4,3,4.1,5.66666666666667,2,5,3,2,3,2,3,3,3,2.92307692307692,2,2,1,1,2,6,1
6,6,2,5,1,6,4,7,6,6,6,6,5,4,4,5,6,6,5,6,6,5,6,5,4,5,4,5,5,4,6,4,3,4,3,1,2,2,4,2,3,2,1,5,1,2,24,24,24,24,22,21,21,21,6,6,1,6,2,6,6,3,1,2,2,2,2,1,1,2,1,1,2,1,1,1,1,5,6,2,5,2,5,5,6,39,1,3,2,3,4,4.8,5.75,5.16666666666667,3.33333333333333,5,3.5,4.79166666666667,5.22222222222222,4.875,4.71428571428571,6,7,6,6,6,5.6,5.66666666666667,5.33333333333333,5,5,5,5,4,5,5,5,4.875,7,6,5,7,6,6.1,6,3,5,4,4,4,4,5,5,4,4.15384615384615,1,1,2,2,1,9,1
6,7,1,6,1,7,7,7,7,7,7,6,6,6,1,2,6,6,6,6,6,6,6,6,6,6,5,6,6,6,6,4,1,5,5,1,1,4,1,1,5,2,3,5,3,1,20,21,20,21,22,24,25,25,1,5,1,5,5,7,7,7,7,7,2,1,1,2,1,2,1,2,1,1,2,2,1, , , , , , , , ,22,2,2,1,3,6,4.2,6,6,3,6,4.5,5.125,5,5.625,4.71428571428571,7,7,6.6, , , ,7, ,1,2,1,2,4,2,1,1,1.75,7,3,1,1,1,3.8,7,1,5,5,2,5,4,3,3,5,3.76923076923077,2,1,2,1,2,6,0
4,3,3,4,3,5,4,4,6,6,5,5,5,4,4,5,5,5,5,5,4,5,4,4,5,5,1,2,5,5,5,1,2,3,3,2,4,3,3,2,2,2,2,4,2,2,24,24,24,24,21,21,21,21,6,6,2,6,2,6,6,2,2,2,2,1,2,2,2,1,1,2,1,1,2,2,1,4,3,3,2,4,4,4,4,32,1,6,5,6,5,4.6,5,4.5,5.33333333333333,5,5.5,4.875,4.77777777777778,5,4.78571428571429,5,5,4.2,5,4,3.6,4.33333333333333,4,5,5,5,5,5,5,5,5,5,6,6,6,6,6,6,5.66666666666667,3,4,2,3,4,4,4,4,4,3.38461538461538,2,2,2,1,2,3,1
5,5,5,6,6,5,6,5,5,5,6,6,6,5,5,5,5,6,5,6,5,5,5,5,6,5,5,4,5,6,5,6,5,2,3,1,2,3,4,4,3,3,2,3,3,4,24,24,25,24,25,24,24,24,6,6,3,6,6,6,6,4,3,3,1,2,1,1,2,1,2,1,2,1,2,1,2,6,6,2,6,1,7,6,5,30,2,2,3,1,2,5.4,5.5,5.16666666666667,3.33333333333333,5.5,1.5,4.79166666666667,5.44444444444444,4.375,4.92857142857143,3,2,4.2,6,7,6.2,5.33333333333333,6,5,5,6,5,1,2,2,2,3.5,5,2,4,5,5,5.1,5.33333333333333,3,5,4,3,2,3,4,3,2,3.15384615384615,1,2,1,2,1,8,1
6,6,1,6,1,7,7,7,7,7,7,5,6,5,5,5,6,6,6,6,6,6,6,6,6,5,1,3,6,6,6,1,3,4,2,2,4,3,3,2,3,2,2,4,3,2,24,24,24,24,21,21,21,21,6,6,2,6,2,6,6,4,2,2,2,2,2,1,1,2,1,2,2,1,1,1,1,6,6,2,6,2,7,7,7,45,1,6,4,6,4,5.2,6,5.83333333333333,5.33333333333333,6,5,5.625,5.55555555555556,5.625,5.57142857142857,7,7,6.4,6,6,6,7,7,5,5,5,5,5,5,5,5,5,6,6,4,6,6,5.8,7,4,4,2,3,4,4,4,3,4,3.53846153846154,1,1,2,1,1,10,1
5,3,5,3,4,6,4,6,6,6,4,3,2,4,3,5,4,2,4,3,4,5,5,5,3,3,5,5,3,3,5,5,5,3,4,3,3,5,4,4,4,2,2,4,3,2,22,23,22,22,24,24,23,24,6,5,5,6,4,6,5,7,6,4,2,1,1,1,1,2,1,2,2,1,2,2,2,6,5,6,5,5,5,5,6,21,2,2,2,2,2,3.4,3.25,4.16666666666667,2.33333333333333,4,2,3.41666666666667,3.33333333333333,3,3.57142857142857,3,4,3.6,2,3,4.2,5.33333333333333,5.33333333333333,3,4,3,3,2,2,3,2,2.75,3,4,1,2,4,4.2,5.33333333333333,2,3,3,1,2,4,4,3,4,3.15384615384615,2,1,2,1,1,7,1
3,3,5,3,5,5,6,2,6,6,6,5,5,6,4,4,6,6,6,6,5,5,5,6,5,4,3,4,5,5,6,5,4,5,4,1,3,1,4,2,4,1,2,5,1,3,23,22,22,22,23,21,22,23,6,6,2,6,2,6,7,2,2,2,2,1,1,1,2,1,2,2,2,1,1,2,1, , , , , , , , ,33,2,4,3,2,3,4.8,6,5,4,5.5,2.5,4.875,5.33333333333333,5,4.71428571428571,3,3,3, , , ,4.33333333333333, ,4,3,3,3,3,5,4,3,3.5,6,6,6,6,6,6.1,6,2,5,3,5,4,5,4,5,3,4.15384615384615,2,2,1,1,1,8,0
6,7,5,4,5,7,7,7,6,6,6,3,5,5,4,3,3,4,4,6,3,3,4,6,5,4,5,4,4,5,5,6,6,3,5,5,5,4,3,5,5,5,5,4,5,5,24,24,24,24,22,23,23,25,5,5,3,5,3,5,4,5,4,3,1,1,2,1,1,1,2,1,1,1,1,2,1, , , , , , , , ,21,1,2,3,1,1,4,4.25,4.16666666666667,3,5,1,3.875,4.11111111111111,3.5,3.92857142857143,3,3,4.6, , , ,7, ,5,5,5,5,4,3,3,1,3.875,5,5,3,4,5,4.6,6,1,1,1,2,1,1,1,1,1,1.92307692307692,2,2,1,2,2,7,0
5,5,4,6,2,6,7,6,7,7,7,5,6,5,6,3,5,6,6,6,3,5,1,3,4,3,2,4,6,5,4,4,5,2,2,1,1,5,2,1,5,2,1,3,1,2,22,22,22,22,22,23,22,23,7,7,1,6,1,7,7,2,1,1,1,1,1,2,2,1,1,2,1,1,2,1,1,3,6,4,6,2,2,5,3,54,2,5,3,3,2,5,5.75,3.16666666666667,4.66666666666667,4.5,2.5,4.33333333333333,5.33333333333333,4.875,4,4,6,5.2,4,6,5,6.33333333333333,3.33333333333333,3,3,3,3,4,3,4,3,3.25,7,7,6,7,7,6.8,7,4,5,5,1,5,4,5,5,4,3.84615384615385,2,2,2,1,2,6,1
4,5,2,2,3,5,6,5,7,7,6,6,6,6,6,6,6,6,6,6,6,6,6,6,6,6,1,1,6,6,6,1,1,3,3,1,2,2,4,3,4,1,1,4,1,2,24,24,24,24,21,21,21,21,7,7,1,7,1,6,6,2,1,1,2,2,2,1,1,2,2,2,2,1,1,1,1,5,3,2,3,2,7,7,7,30,1,6,6,6,6,6,6,6,6,6,6,6,6,6,6,6,5,4.4,6,6,4.6,5.33333333333333,7,5,5,5,5,5,5,5,5,5,7,7,6,7,7,6.7,6.66666666666667,3,5,4,4,3,5,5,5,4,4.07692307692308,1,1,1,1,1,11,1
5,6,2,5,2,4,5,5,6,6,6,5,5,5,5,5,5,5,5,5,4,5,4,4,5,5,3,2,5,5,5,2,3,3,2,1,2,2,4,3,3,2,1,4,1,1,21,21,21,21,24,24,24,24,6,6,1,6,1,6,6,4,1,1,1,2,1,2,1,2,1,2,2,1,1,1,1,5,6,3,5,2,6,6,6,30,2,4,5,5,4,5,5,4.5,4.66666666666667,5,4.5,4.79166666666667,5,4.875,4.71428571428571,6,6,5.6,5,6,5.4,4.66666666666667,6,2,2,2,2,2,2,2,2,2,7,7,4,7,7,6.2,6,4,5,4,4,3,4,5,5,5,4.07692307692308,1,1,2,1,1,11,1
6,5,2,6,1,6,6,6,6,6,6,6,6,5,6,5,6,5,6,6,5,6,6,6,5,5,3,4,5,6,6,4,2,4,1,1,1,1,5,4,4,2,1,4,1,1,24,23,24,22,24,24,24,23,6,6,1,6,1,6,6,1,1,1,2,2,2,1,1,2,1,2,1,1,2,1,1, , , , , , , , ,27,1,4,3,3,5,5.6,5.75,5.5,4,6,4,5.33333333333333,5.66666666666667,5.125,5.35714285714286,6,7,6, , , ,6, ,5,4,5,3,2,2,2,3,3.25,7,7,7,7,7,6.5,6,5,5,5,5,2,4,5,5,5,4.46153846153846,1,1,2,1,2,8,0
7,7,3,6,2,6,7,4,7,7,7,6,6,6,6,6,6,6,6,6,5,6,6,5,6,6,1,6,5,4,6,1,1,5,1,3,3,2,4,4,4,1,1,4,1,4,21,23,20,20,23,24,24,24,5,5,5,5,4,5,5,6,6,6,2,2,2,1,1,2,1,2,1,1,1,1,1, , , , , , , , ,36,2,6,1,6,6,6,6,5.66666666666667,4,5,6,5.5,6,5.875,5.35714285714286,5,6,6.2, , , ,5.66666666666667, ,2,4,1,1,3,2,2,2,2.125,3,4,2,2,2,3.8,7,5,3,3,4,2,5,5,5,2,3.92307692307692,1,1,2,1,2,9,0
4,3,2,4,4,4,4,5,7,7,7,5,5,5,4,4,5,5,5,4,4,5,4,4,5,5,4,4,5,5,5,4,5,3,3,2,3,3,3,3,3,3,3,3,3,3,22,22,22,22,23,23,23,23,3,5,3,5,3,5,5,3,3,5,1,2,2,2,2,2,1,2,2,2,2,1,2, , , , , , , , ,29,1,3,3,3,2,4.6,4.75,4.5,3.66666666666667,5,2.5,4.375,4.66666666666667,4.25,4.35714285714286,6,4,4.2, , , ,4.33333333333333, ,3,3,3,3,3,3,3,3,3,5,5,5,5,3,4.6,7,3,4,3,3,3,3,3,3,3,3.07692307692308,1,1,2,1,1,6,0
5,4,3,4,3,5,6,6,5,5,5,6,6,4,4,5,5,5,5,4,5,5,5,5,5,5,5,5,5,5,5,5,4,4,2,2,2,1,4,3,4,2,5,4,2,2,23,23,22,22,23,23,23,23,6,6,2,6,2,5,5,5,2,2,2,1,2,2,2,1,1,2,1,2,2,2,2,5,5,5,5,2,6,6,5,31,2,2,2,2,3,5,4.75,5,3,5,2.5,4.5,4.88888888888889,4.125,4.64285714285714,5,5,4.6,3,6,4.8,5.66666666666667,5.66666666666667,4,4,3,3,3,3,3,3,3.25,6,6,3,6,6,5.5,5,4,4,4,5,3,4,1,4,4,3.76923076923077,2,2,2,1,2,1,1
4,2,4,3,3,6,4,5,6,5,7,5,4,3,4,4,3,5,3,4,2,4,4,4,4,3,5,3,6,3,4,5,5,4,3,2,3,4,4,4,3,3,4,3,4,5,24,23,25,24,24,23,25,24,6,5,6,7,6,6,5,6,6,7,2,2,1,2,2,2,2,2,2,1,1,2,1,5,6,6,5,4,5,5,4,22,1,2,4,2,2,4,3.75,3.5,4,3.5,2,3.58333333333333,3.88888888888889,3.5,3.64285714285714,4,5,3.6,2,4,4.4,5,4.66666666666667,5,4,6,5,2,3,1,2,3.5,2,2,2,2,1,3.8,6,3,4,3,2,2,3,2,2,1,2.76923076923077,1,1,1,1,1,9,1
5,3,5,3,5,4,5,5,7,7,7,6,6,5,4,4,5,4,5,6,5,5,6,6,5,6,1,2,5,4,6,4,3,3,5,2,4,5,3,4,1,4,3,4,4,2,23,24,22,22,23,24,24,23,7,7,1,6,2,7,7,1,1,1,2,1,1,2,1,1,1,1,1,1,2,2,1,4,3,1,3,2,6,6,7,42,1,6,5,3,4,5,5,5.5,5.33333333333333,5,3.5,5.04166666666667,5,4.625,5.28571428571429,3,3,3.4,7,6,4.6,4.66666666666667,6.33333333333333,4,5,3,3,3,2,2,3,3.125,7,6,7,7,7,6.8,7,1,4,2,1,2,2,3,2,4,2.46153846153846,2,2,2,2,2,4,1
4,4,4,4,4,5,5,5,5,5,5,4,4,4,4,4,4,4,4,4,4,4,3,4,4,4,4,4,4,4,4,4,4,3,4,4,3,3,3,3,4,3,4,3,3,4,23,23,23,25,23,23,23,23,5,2,3,3,3,5,3,3,3,3,1,2,1,1,1,1,1,1,2,1,2,2,2, , , , , , , , ,26,1,3,3,3,3,4,4,3.83333333333333,3.33333333333333,4,3,3.79166666666667,4,3.75,3.78571428571429,4,4,4, , , ,5, ,4,4,4,6,3,3,3,3,3.75,5,5,5,5,5,4.3,5,2,2,3,3,3,3,2,3,2,2.76923076923077,1,2,2,2,1,7,0
7,7,2,7,1,7,7,7,7,7,6,6,6,6,6,5,6,6,5,6,6,6,5,5,5,5,2,2,6,5,6,4,2,5,4,1,2,2,5,1,5,1,1,5,1,2,20,21,20,20,25,25,25,25,7,7,1,7,1,7,7,1,1,1,1,1,1,1,1,2,1,2,2,1,1,1,1,7,6,1,6,1,5,7,6,29,1,5,5,3,5,5.8,5.75,5.33333333333333,5.33333333333333,5.5,4,5.41666666666667,5.77777777777778,5.375,5.42857142857143,6,7,6.8,7,7,6.6,7,6,1,2,1,1,1,1,1,1,1.125,7,7,7,7,7,7,6.66666666666667,2,5,4,4,5,5,5,5,4,4.53846153846154,2,1,2,1,1,11,1
6,5,4,5,4,5,5,5,6,5,5,5,5,3,4,3,5,4,4,5,4,5,4,3,3,3,2,2,5,5,4,1,2,2,4,3,4,3,3,3,2,3,4,4,2,2,22,23,22,21,23,24,22,22,5,6,2,6,4,6,5,4,3,4,2,2,1,1,1,2,1,2,1,1,2,1,1,5,5,4,4,4,4,4,5,26,1,5,5,6,5,4,4.5,3.66666666666667,5,4.5,5.5,4.33333333333333,4.22222222222222,4.625,4.14285714285714,4,4,4.8,4,4,4.4,5,4.33333333333333,3,4,3,2,3,2,4,4,3.125,6,4,4,5,4,5.1,5.33333333333333,2,3,2,3,3,3,2,4,4,2.84615384615385,1,1,2,1,2,9,1
7,7,1,7,1,7,7,7,7,7,7,6,6,6,6,6,6,6,6,6,6,6,6,6,6,6,5,5,6,6,6,5,5,4,1,1,1,1,4,1,4,1,1,4,1,1,20,20,20,20,25,25,25,25,7,7,1,7,1,7,7,1,1,1,2,2,2,1,1,2,2,2,2,1,1,1,1,7,7,1,7,1,7,7,7,51,2,2,2,2,2,6,6,6,3.33333333333333,6,2,5.33333333333333,6,5,5.42857142857143,7,7,7,7,7,7,7,7,1,1,1,1,1,1,1,1,1,7,7,7,7,7,7,7,5,5,5,5,5,5,5,5,5,4.69230769230769,1,1,1,1,1,11,1
5,3,4,4,5,5,7,4,7,7,7,6,6,6,6,6,6,6,6,6,5,6,6,6,6,6,1,2,6,4,6,1,2,5,1,1,5,1,1,1,4,2,1,5,1,1,20,20,20,20,25,25,25,25,7,7,1,7,1,7,7,1,1,1,1,2,1,1,1,2,1,2,2,1,1,2,1,2,2,4,2,4,7,7,7,33,1,6,5,6,5,6,6,5.83333333333333,5.66666666666667,5,5.5,5.70833333333333,6,5.875,5.71428571428571,4,3,3.8,4,4,2.8,5.33333333333333,7,1,1,1,1,1,1,1,1,1,7,7,7,7,7,7,7,5,5,1,5,5,4,5,5,5,4.23076923076923,1,1,2,1,1,11,1
6,6,3,6,2,5,6,6,6,6,6,5,5,5,5,5,5,5,5,5,5,5,5,5,5,6,2,3,5,4,5,2,2,4,2,2,1,1,4,4,4,2,1,5,1,1,21,23,21,21,23,23,23,23,6,6,3,6,2,6,6,5,3,2,2,2,2,1,1,2,1,2,2,1,1,1,1,6,6,2,6,2,6,7,7,36,2,5,4,5,5,5,5,5.16666666666667,4.66666666666667,4.5,5,4.91666666666667,5,5,4.92857142857143,5,6,5.8,6,6,6,5.66666666666667,6.66666666666667,2,4,2,2,3,3,3,3,2.75,5,6,3,5,6,5.5,6,4,4,5,5,2,4,5,5,5,4.30769230769231,1,1,2,1,1,10,1
5,4,4,4,2,4,6,6,6,6,5,6,6,4,6,5,6,6,5,6,6,6,6,6,6,6,1,1,5,6,6,1,1,4,2,1,1,3,3,2,4,1,2,4,3,4,24,24,24,24,24,24,23,24,6,6,1,6,1,6,6,1,1,1,2,2,1,1,1,2,1,2,2,1,1,2,1,6,5,5,5,5,6,6,6,38,1,6,6,6,6,5.4,5.75,6,5.66666666666667,6,6,5.79166666666667,5.55555555555556,5.5,5.92857142857143,4,6,4.6,3,3,4.4,5.33333333333333,6,5,5,5,5,2,2,3,2,3.625,7,7,7,7,7,6.5,5.66666666666667,4,5,5,3,4,5,4,3,2,3.84615384615385,1,1,2,1,1,10,1
6,6,1,6,6,7,7,7,7,7,7,6,6,6,6,6,6,6,6,6,6,6,6,6,6,6,4,6,6,6,6,4,1,1,5,5,2,5,2,5,1,5,5,5,5,3,25,25,25,25,25,25,25,25,6,6,4,7,6,6,4,7,6,7,1,1,2,1,2,1,1,1,1,1,1,2,2,7,7,4,7,1,7,7,7,28,2,3,1,3,6,6,6,6,3.33333333333333,6,4.5,5.54166666666667,6,5.625,5.42857142857143,7,2,5.4,4,7,6.4,7,7,6,6,6,6,1,1,1,1,3.5,4,2,1,2,1,3.9,7,1,1,4,1,1,1,1,1,3,1.76923076923077,2,2,2,2,2,4,1
7,6,3,5,2,3,7,4,7,7,7,4,4,4,4,4,6,6,4,5,4,6,5,6,6,5,1,4,6,5,6,3,4,4,3,3,2,3,4,4,3,2,2,4,2,2,22,22,21,20,25,25,24,25,5,6,1,6,2,7,5,4,1,2,2,1,2,1,2,2,2,2,1,1,1,1,1,7,6,2,7,1,6,7,7,29,1,6,3,4,3,4,5.25,5.33333333333333,5,5.5,3.5,4.875,4.55555555555556,4.75,4.85714285714286,5,6,5.8,6,7,6.6,4.66666666666667,6.66666666666667,3,3,2,1,1,1,2,1,1.75,7,6,4,7,6,5.9,7,3,3,4,3,2,4,4,4,4,3.53846153846154,2,1,1,1,2,8,1
3,6,2,6,2,6,6,6,6,6,6,5,5,5,5,5,5,5,5,5,2,5,3,3,5,5,2,5,5,3,5,4,2,5,1,1,2,1,5,1,5,1,1,5,1,1,20,20,25,20,25,25,25,25,6,6,2,6,2,6,6,2,2,2,2,2,1,1,1,1,2,2,2,1,1,1,1,5,6,2,6,2,6,6,6,43,2,5,2,3,5,5,5,3.83333333333333,4,4,4,4.33333333333333,5,4.75,4.14285714285714,6,6,5.4,6,6,5.8,6,6,1,1,6,1,1,1,1,1,1.625,6,6,6,6,6,6,6,5,5,4,5,5,5,5,5,5,4.92307692307692,1,2,1,1,1,11,1
6,6,3,5,3,7,7,7,7,7,6,5,5,5,5,5,5,5,5,6,5,6,6,5,5,5,4,3,5,5,5,3,3,4,2,2,2,3,4,3,4,4,4,4,3,4,24,24,22,22,23,23,23,22,6,6,2,6,2,6,6,3,2,2,2,2,2,2,1,2,1,2,1,2,2,1,1,6,7,2,5,1,7,7,7,38,1,3,4,4,4,5,5.25,5.33333333333333,4,5,4,4.91666666666667,5.11111111111111,4.875,4.92857142857143,5,5,5.4,6,7,6.2,7,7,5,5,3,3,3,3,3,4,3.625,6,6,5,6,6,5.9,6.66666666666667,4,4,4,3,3,2,2,3,2,3.30769230769231,1,1,2,1,2,6,1
